create database ActividadIntegradora
go
use ActividadIntegradora
go
create table Tecnicos(
    ID int not null primary key,
    Apellido varchar(50) not null,
    Nombre varchar(50) not null
)
go
create table Clientes(
    ID int not null primary key,
    Apellido varchar(50) not null,
    Nombre varchar(50) not null,
    Tipo char not null check (Tipo in ('E', 'P'))
)
go
create table TiposServicio(
    ID int not null primary key,
    Descripcion varchar(100) not null
)
go
create table Servicios(
    ID int not null primary key identity(1, 1),
    IDTecnico int not null,
    IDCliente int not null,
    IDTipo int not null ,
    Importe money not null check (Importe >= 0),
    Duracion int not null check (Duracion >= 0),
    Fecha date not null,
    DiasGarantia int not null check (DiasGarantia >= 0),
    FormaPago char check (FormaPago in ('E', 'C', 'T', 'B')),
    foreign key (IDTecnico) references Tecnicos(ID),
    foreign key (IDCliente) references Clientes(ID),
    foreign key (IDTipo) references TiposServicio(ID)
)
go
-- Tipos servicio
INSERT INTO TiposServicio (ID, Descripcion) VALUES (1, 'Reparacion de lavarropas')
INSERT INTO TiposServicio (ID, Descripcion) VALUES (2, 'Reparacion de heladeras')
INSERT INTO TiposServicio (ID, Descripcion) VALUES (3, 'Reparacion de televisores')
INSERT INTO TiposServicio (ID, Descripcion) VALUES (4, 'Reparacion de microondas')
INSERT INTO TiposServicio (ID, Descripcion) VALUES (5, 'Reparacion de aires acondicionados')
INSERT INTO TiposServicio (ID, Descripcion) VALUES (6, 'Instalacion de aires acondicionados')
INSERT INTO TiposServicio (ID, Descripcion) VALUES (7, 'Reparacion de computadoras')
INSERT INTO TiposServicio (ID, Descripcion) VALUES (8, 'Reparacion de celulares')
INSERT INTO TiposServicio (ID, Descripcion) VALUES (9, 'Reparacion de notebooks')
INSERT INTO TiposServicio (ID, Descripcion) VALUES (10, 'Reparacion de ascensores')
go
-- Tecnicos
INSERT INTO Tecnicos([ID],[Apellido],[Nombre]) VALUES(1,'Núñez','Leon'),(2,'Valdés','Ronald'),(3,'Herrera','Skarleth'),(4,'Soto','Dominik'),(5,'García','Roberto'),(6,'Vidal','Eloísa'),(7,'Sanhueza','Belén'),(8,'Maldonado','Jerónimo'),(9,'San Martín','Geremías'),(10,'López','Amaru');
INSERT INTO Tecnicos([ID],[Apellido],[Nombre]) VALUES(11,'Núñez','Bianca'),(12,'Rodríguez','Dayanne'),(13,'Salinas','Helen'),(14,'Martínez','Fabrizio'),(15,'Donoso','Henry'),(16,'Gallardo','Lucila'),(17,'Poblete','Zaira'),(18,'Guerrero','Ariana'),(19,'Rojas','Doménico'),(20,'Vega','Eduard');
INSERT INTO Tecnicos([ID],[Apellido],[Nombre]) VALUES(21,'Rivera','Nathan'),(22,'Poblete','Josúe'),(23,'Torres','Stephano'),(24,'Molina','Antü'),(25,'Soto','Basthian'),(26,'Valenzuela','Macarena'),(27,'Contreras','Elian'),(28,'Riquelme','Tais'),(29,'Cárdenas','Miriam'),(30,'Espinoza','Lucian');
INSERT INTO Tecnicos([ID],[Apellido],[Nombre]) VALUES(31,'Moreno','Cristóbal'),(32,'Guerrero','Anabella'),(33,'Cortés','Keily'),(34,'Alvarado','Franco'),(35,'Sanhueza','Nazareth'),(36,'Lagos','Tais'),(37,'Ortega','Leopoldo'),(38,'Vergara','Madeleine'),(39,'Sánchez','Josthyn'),(40,'López','Braulio');
INSERT INTO Tecnicos([ID],[Apellido],[Nombre]) VALUES(41,'Peña','Martín'),(42,'Vidal','Geremías'),(43,'Donoso','Aaron'),(44,'Fernández','Naiara'),(45,'Gallardo','Emerson'),(46,'Soto','Junior'),(47,'Navarrete','Mario'),(48,'Vega','Giovani'),(49,'Garrido','Jeans'),(50,'Navarro','Dania');
go
-- Clientes
 INSERT INTO Clientes([ID],[Apellido],[Nombre],[Tipo]) VALUES(1,'Flores','Eder','P'),(2,'Poblete','Ivania','P'),(3,'Álvarez','Mailyn','E'),(4,'Sáez','Denise','P'),(5,'Godoy','Giarella','E'),(6,'Escobar','Maya','P'),(7,'Muñoz','Nayadeth','P'),(8,'Venegas','Josep','E'),(9,'Palma','Amanda','P'),(10,'Pérez','Karim','E');
INSERT INTO Clientes([ID],[Apellido],[Nombre],[Tipo]) VALUES(11,'Miranda','Alicia','E'),(12,'Alvarado','Yarela','P'),(13,'Cárdenas','Olivia','P'),(14,'Gutiérrez','Mariel','P'),(15,'San Martín','Erwin','P'),(16,'Bustos','Thomas','P'),(17,'Navarro','Williams','P'),(18,'López','Jenifer','P'),(19,'Vásquez','Francia','E'),(20,'Herrera','Chriss','P');
INSERT INTO Clientes([ID],[Apellido],[Nombre],[Tipo]) VALUES(21,'Sánchez','Edwin','P'),(22,'Valenzuela','Escarleth','E'),(23,'Araya','Evelin','P'),(24,'Vera','Soraya','P'),(25,'Guerrero','Jean','E'),(26,'Vásquez','Hans','E'),(27,'Ruiz','Miguelangel','E'),(28,'Bravo','Antony','P'),(29,'Navarro','Aarón','P'),(30,'Donoso','Dustin','E');
INSERT INTO Clientes([ID],[Apellido],[Nombre],[Tipo]) VALUES(31,'Sepúlveda','Gadiel','P'),(32,'Riquelme','Dixon','E'),(33,'Ramírez','Edinson','E'),(34,'Valenzuela','Zahira','P'),(35,'Jiménez','Ismael','E'),(36,'Molina','Lian','E'),(37,'Vidal','Jordano','P'),(38,'Contreras','Gisselle','E'),(39,'Torres','Steven','P'),(40,'Zúñiga','Patricia','P');
INSERT INTO Clientes([ID],[Apellido],[Nombre],[Tipo]) VALUES(41,'Vega','Nehemias','E'),(42,'Leiva','Leopoldo','E'),(43,'Ortega','Verónica','E'),(44,'Ramírez','Edison','P'),(45,'Gutiérrez','Yanina','E'),(46,'Carrasco','Enrique','P'),(47,'Figueroa','Mayra','P'),(48,'Saavedra','Jossefa','P'),(49,'Sandoval','Tommy','P'),(50,'Maldonado','Leonora','P');
INSERT INTO Clientes([ID],[Apellido],[Nombre],[Tipo]) VALUES(51,'Soto','Valeria','E'),(52,'Cortés','Yeremy','E'),(53,'Zúñiga','Damian','E'),(54,'Ramírez','Yadiel','P'),(55,'Espinoza','Bladimir','E'),(56,'Sandoval','Darlyng','E'),(57,'Núñez','Elías','P'),(58,'Ramírez','Andy','E'),(59,'Campos','William','P'),(60,'Hernández','Ayron','P');
INSERT INTO Clientes([ID],[Apellido],[Nombre],[Tipo]) VALUES(61,'Bravo','Sandro','P'),(62,'Herrera','Jonatan','E'),(63,'Olivares','Iván','E'),(64,'Soto','Escarleth','P'),(65,'Cárdenas','Karlita','E'),(66,'Muñoz','Eleazar','P'),(67,'Espinoza','Maylin','E'),(68,'Núñez','Roberth','E'),(69,'Sánchez','Juanjose','E'),(70,'Pérez','Gerardo','P');
INSERT INTO Clientes([ID],[Apellido],[Nombre],[Tipo]) VALUES(71,'Gallardo','Isabel','E'),(72,'López','Ailin','P'),(73,'Valdés','Sara','P'),(74,'Maldonado','Gloria','P'),(75,'Díaz','Juan','E'),(76,'Sanhueza','Anastasia','P'),(77,'Fuentes','Faloon','E'),(78,'Martínez','Evan','E'),(79,'Castillo','Almendra','E'),(80,'Ruiz','Phillip','E');
INSERT INTO Clientes([ID],[Apellido],[Nombre],[Tipo]) VALUES(81,'Fernández','Mariano','E'),(82,'Lagos','Didier','P'),(83,'Poblete','Alexsandra','P'),(84,'Jara','Matteo','P'),(85,'Castro','Américo','E'),(86,'Fernández','Alexandra','P'),(87,'Aguilera','Jonathan','E'),(88,'Castro','Leonor','E'),(89,'Venegas','Norman','P'),(90,'Toro','Francesco','P');
INSERT INTO Clientes([ID],[Apellido],[Nombre],[Tipo]) VALUES(91,'Rojas','Osvaldo','E'),(92,'Araya','Darlin','P'),(93,'Fernández','Yahir','P'),(94,'Vidal','Omar','E'),(95,'Reyes','Arturo','E'),(96,'Sáez','Nayarett','E'),(97,'Riquelme','Isaak','P'),(98,'Jiménez','Leonel','E'),(99,'San Martín','Amaro','E'),(100,'Flores','Eitan','P');
GO
-- Servicios
set dateformat 'dmy'
go
insert into Servicios (idtecnico, idcliente, idtipo, importe, duracion, fecha, diasgarantia, formapago) values (30, 47, 6, 7357, 122, '28/03/2019', 0, 'E');
insert into Servicios (idtecnico, idcliente, idtipo, importe, duracion, fecha, diasgarantia, formapago) values (10, 75, 7, 11895, 65, '15/01/2020', 0, 'E');
insert into Servicios (idtecnico, idcliente, idtipo, importe, duracion, fecha, diasgarantia, formapago) values (18, 5, 3, 4838, 331, '14/12/2020', 0, 'C');
insert into Servicios (idtecnico, idcliente, idtipo, importe, duracion, fecha, diasgarantia, formapago) values (2, 79, 7, 11992, 234, '19/08/2020', 0, 'T');
insert into Servicios (idtecnico, idcliente, idtipo, importe, duracion, fecha, diasgarantia, formapago) values (33, 35, 5, 5434, 318, '24/01/2019', 0, 'T');
insert into Servicios (idtecnico, idcliente, idtipo, importe, duracion, fecha, diasgarantia, formapago) values (33, 36, 5, 4663, 103, '13/06/2020', 0, 'C');
insert into Servicios (idtecnico, idcliente, idtipo, importe, duracion, fecha, diasgarantia, formapago) values (41, 38, 8, 5393, 140, '08/03/2020', 0, 'E');
insert into Servicios (idtecnico, idcliente, idtipo, importe, duracion, fecha, diasgarantia, formapago) values (29, 60, 2, 7869, 299, '23/01/2020', 0, 'C');
insert into Servicios (idtecnico, idcliente, idtipo, importe, duracion, fecha, diasgarantia, formapago) values (45, 81, 8, 5187, 345, '23/01/2020', 0, 'E');
insert into Servicios (idtecnico, idcliente, idtipo, importe, duracion, fecha, diasgarantia, formapago) values (26, 81, 7, 5180, 54, '01/04/2019', 0, 'E');
insert into Servicios (idtecnico, idcliente, idtipo, importe, duracion, fecha, diasgarantia, formapago) values (37, 70, 10, 10754, 165, '12/12/2019', 0, 'T');
insert into Servicios (idtecnico, idcliente, idtipo, importe, duracion, fecha, diasgarantia, formapago) values (28, 99, 3, 5926, 358, '21/07/2020', 0, 'C');
insert into Servicios (idtecnico, idcliente, idtipo, importe, duracion, fecha, diasgarantia, formapago) values (17, 35, 8, 10870, 100, '17/04/2020', 0, 'T');
insert into Servicios (idtecnico, idcliente, idtipo, importe, duracion, fecha, diasgarantia, formapago) values (18, 53, 1, 8731, 216, '29/04/2020', 0, 'T');
insert into Servicios (idtecnico, idcliente, idtipo, importe, duracion, fecha, diasgarantia, formapago) values (7, 81, 8, 10707, 207, '23/09/2019', 0, 'E');
insert into Servicios (idtecnico, idcliente, idtipo, importe, duracion, fecha, diasgarantia, formapago) values (21, 50, 8, 4311, 91, '04/12/2020', 0, 'C');
insert into Servicios (idtecnico, idcliente, idtipo, importe, duracion, fecha, diasgarantia, formapago) values (9, 82, 7, 9003, 33, '01/07/2019', 0, 'C');
insert into Servicios (idtecnico, idcliente, idtipo, importe, duracion, fecha, diasgarantia, formapago) values (49, 60, 4, 6913, 344, '17/11/2020', 0, 'E');
insert into Servicios (idtecnico, idcliente, idtipo, importe, duracion, fecha, diasgarantia, formapago) values (34, 3, 3, 8082, 186, '22/05/2019', 0, 'T');
insert into Servicios (idtecnico, idcliente, idtipo, importe, duracion, fecha, diasgarantia, formapago) values (31, 76, 10, 5980, 73, '22/07/2020', 0, 'E');
insert into Servicios (idtecnico, idcliente, idtipo, importe, duracion, fecha, diasgarantia, formapago) values (35, 93, 6, 4872, 123, '23/03/2019', 0, 'T');
insert into Servicios (idtecnico, idcliente, idtipo, importe, duracion, fecha, diasgarantia, formapago) values (49, 41, 1, 5420, 298, '25/07/2020', 0, 'E');
insert into Servicios (idtecnico, idcliente, idtipo, importe, duracion, fecha, diasgarantia, formapago) values (3, 18, 4, 10856, 85, '17/11/2020', 0, 'C');
insert into Servicios (idtecnico, idcliente, idtipo, importe, duracion, fecha, diasgarantia, formapago) values (1, 86, 10, 5476, 288, '27/06/2020', 0, 'C');
insert into Servicios (idtecnico, idcliente, idtipo, importe, duracion, fecha, diasgarantia, formapago) values (5, 85, 2, 3844, 60, '25/04/2019', 0, 'E');
insert into Servicios (idtecnico, idcliente, idtipo, importe, duracion, fecha, diasgarantia, formapago) values (31, 40, 4, 10640, 328, '16/05/2020', 0, 'T');
insert into Servicios (idtecnico, idcliente, idtipo, importe, duracion, fecha, diasgarantia, formapago) values (16, 41, 4, 6554, 315, '28/06/2020', 0, 'E');
insert into Servicios (idtecnico, idcliente, idtipo, importe, duracion, fecha, diasgarantia, formapago) values (45, 76, 1, 10834, 137, '02/02/2020', 0, 'T');
insert into Servicios (idtecnico, idcliente, idtipo, importe, duracion, fecha, diasgarantia, formapago) values (45, 100, 7, 8758, 224, '21/02/2020', 0, 'C');
insert into Servicios (idtecnico, idcliente, idtipo, importe, duracion, fecha, diasgarantia, formapago) values (30, 25, 9, 8891, 309, '25/05/2020', 0, 'C');
insert into Servicios (idtecnico, idcliente, idtipo, importe, duracion, fecha, diasgarantia, formapago) values (13, 70, 3, 11390, 329, '17/03/2020', 0, 'T');
insert into Servicios (idtecnico, idcliente, idtipo, importe, duracion, fecha, diasgarantia, formapago) values (47, 54, 4, 3943, 88, '13/05/2020', 0, 'C');
insert into Servicios (idtecnico, idcliente, idtipo, importe, duracion, fecha, diasgarantia, formapago) values (24, 70, 2, 4858, 106, '17/08/2020', 0, 'E');
insert into Servicios (idtecnico, idcliente, idtipo, importe, duracion, fecha, diasgarantia, formapago) values (29, 12, 9, 11281, 313, '05/11/2019', 0, 'C');
insert into Servicios (idtecnico, idcliente, idtipo, importe, duracion, fecha, diasgarantia, formapago) values (1, 44, 7, 6243, 196, '10/09/2020', 0, 'T');
insert into Servicios (idtecnico, idcliente, idtipo, importe, duracion, fecha, diasgarantia, formapago) values (39, 17, 6, 10904, 155, '19/10/2019', 0, 'E');
insert into Servicios (idtecnico, idcliente, idtipo, importe, duracion, fecha, diasgarantia, formapago) values (21, 86, 1, 6695, 290, '01/03/2020', 0, 'C');
insert into Servicios (idtecnico, idcliente, idtipo, importe, duracion, fecha, diasgarantia, formapago) values (38, 6, 10, 10009, 279, '01/08/2020', 0, 'T');
insert into Servicios (idtecnico, idcliente, idtipo, importe, duracion, fecha, diasgarantia, formapago) values (31, 52, 5, 5501, 187, '04/09/2019', 0, 'E');
insert into Servicios (idtecnico, idcliente, idtipo, importe, duracion, fecha, diasgarantia, formapago) values (31, 39, 1, 6609, 196, '11/05/2020', 0, 'C');
insert into Servicios (idtecnico, idcliente, idtipo, importe, duracion, fecha, diasgarantia, formapago) values (4, 74, 1, 5695, 349, '14/11/2019', 0, 'C');
insert into Servicios (idtecnico, idcliente, idtipo, importe, duracion, fecha, diasgarantia, formapago) values (22, 46, 7, 3261, 75, '07/06/2020', 0, 'C');
insert into Servicios (idtecnico, idcliente, idtipo, importe, duracion, fecha, diasgarantia, formapago) values (1, 55, 7, 9110, 52, '14/02/2020', 0, 'T');
insert into Servicios (idtecnico, idcliente, idtipo, importe, duracion, fecha, diasgarantia, formapago) values (19, 30, 2, 7241, 143, '15/08/2019', 0, 'E');
insert into Servicios (idtecnico, idcliente, idtipo, importe, duracion, fecha, diasgarantia, formapago) values (41, 18, 6, 9260, 115, '02/01/2019', 0, 'T');
insert into Servicios (idtecnico, idcliente, idtipo, importe, duracion, fecha, diasgarantia, formapago) values (16, 24, 9, 9849, 136, '16/10/2019', 0, 'C');
insert into Servicios (idtecnico, idcliente, idtipo, importe, duracion, fecha, diasgarantia, formapago) values (12, 87, 4, 11110, 242, '13/06/2020', 0, 'C');
insert into Servicios (idtecnico, idcliente, idtipo, importe, duracion, fecha, diasgarantia, formapago) values (22, 68, 4, 10078, 66, '27/08/2020', 0, 'T');
insert into Servicios (idtecnico, idcliente, idtipo, importe, duracion, fecha, diasgarantia, formapago) values (6, 87, 3, 9485, 244, '23/05/2019', 0, 'E');
insert into Servicios (idtecnico, idcliente, idtipo, importe, duracion, fecha, diasgarantia, formapago) values (36, 15, 7, 8267, 38, '06/04/2019', 0, 'E');
insert into Servicios (idtecnico, idcliente, idtipo, importe, duracion, fecha, diasgarantia, formapago) values (4, 56, 2, 4705, 188, '14/02/2020', 0, 'C');
insert into Servicios (idtecnico, idcliente, idtipo, importe, duracion, fecha, diasgarantia, formapago) values (30, 94, 6, 10519, 68, '27/09/2020', 0, 'T');
insert into Servicios (idtecnico, idcliente, idtipo, importe, duracion, fecha, diasgarantia, formapago) values (40, 58, 1, 8737, 199, '04/07/2020', 0, 'T');
insert into Servicios (idtecnico, idcliente, idtipo, importe, duracion, fecha, diasgarantia, formapago) values (10, 65, 3, 5924, 354, '22/06/2020', 0, 'E');
insert into Servicios (idtecnico, idcliente, idtipo, importe, duracion, fecha, diasgarantia, formapago) values (37, 61, 9, 11089, 252, '11/04/2019', 0, 'T');
insert into Servicios (idtecnico, idcliente, idtipo, importe, duracion, fecha, diasgarantia, formapago) values (18, 10, 8, 3730, 332, '28/08/2020', 0, 'T');
insert into Servicios (idtecnico, idcliente, idtipo, importe, duracion, fecha, diasgarantia, formapago) values (50, 38, 8, 9619, 263, '30/03/2020', 0, 'E');
insert into Servicios (idtecnico, idcliente, idtipo, importe, duracion, fecha, diasgarantia, formapago) values (13, 28, 9, 8405, 284, '18/05/2019', 0, 'E');
insert into Servicios (idtecnico, idcliente, idtipo, importe, duracion, fecha, diasgarantia, formapago) values (4, 96, 5, 7047, 330, '01/02/2020', 0, 'E');
insert into Servicios (idtecnico, idcliente, idtipo, importe, duracion, fecha, diasgarantia, formapago) values (19, 13, 6, 9729, 91, '20/08/2019', 0, 'T');
insert into Servicios (idtecnico, idcliente, idtipo, importe, duracion, fecha, diasgarantia, formapago) values (20, 32, 3, 4509, 249, '26/12/2020', 0, 'T');
insert into Servicios (idtecnico, idcliente, idtipo, importe, duracion, fecha, diasgarantia, formapago) values (2, 44, 10, 3058, 271, '18/12/2019', 0, 'E');
insert into Servicios (idtecnico, idcliente, idtipo, importe, duracion, fecha, diasgarantia, formapago) values (24, 78, 1, 9194, 273, '04/04/2020', 0, 'C');
insert into Servicios (idtecnico, idcliente, idtipo, importe, duracion, fecha, diasgarantia, formapago) values (50, 84, 10, 7019, 36, '09/08/2020', 0, 'E');
insert into Servicios (idtecnico, idcliente, idtipo, importe, duracion, fecha, diasgarantia, formapago) values (15, 33, 10, 3695, 119, '10/01/2019', 0, 'T');
insert into Servicios (idtecnico, idcliente, idtipo, importe, duracion, fecha, diasgarantia, formapago) values (34, 37, 5, 5089, 301, '16/06/2019', 0, 'T');
insert into Servicios (idtecnico, idcliente, idtipo, importe, duracion, fecha, diasgarantia, formapago) values (28, 39, 4, 8970, 81, '23/04/2020', 0, 'E');
insert into Servicios (idtecnico, idcliente, idtipo, importe, duracion, fecha, diasgarantia, formapago) values (45, 9, 2, 5005, 236, '16/07/2020', 0, 'E');
insert into Servicios (idtecnico, idcliente, idtipo, importe, duracion, fecha, diasgarantia, formapago) values (33, 57, 9, 11544, 322, '11/05/2020', 0, 'T');
insert into Servicios (idtecnico, idcliente, idtipo, importe, duracion, fecha, diasgarantia, formapago) values (42, 21, 8, 10889, 287, '29/09/2019', 0, 'T');
insert into Servicios (idtecnico, idcliente, idtipo, importe, duracion, fecha, diasgarantia, formapago) values (28, 39, 1, 4315, 339, '25/07/2020', 0, 'T');
insert into Servicios (idtecnico, idcliente, idtipo, importe, duracion, fecha, diasgarantia, formapago) values (39, 87, 1, 5585, 259, '08/03/2019', 0, 'E');
insert into Servicios (idtecnico, idcliente, idtipo, importe, duracion, fecha, diasgarantia, formapago) values (46, 94, 7, 4325, 134, '03/04/2020', 0, 'T');
insert into Servicios (idtecnico, idcliente, idtipo, importe, duracion, fecha, diasgarantia, formapago) values (20, 93, 1, 8926, 204, '28/10/2019', 0, 'E');
insert into Servicios (idtecnico, idcliente, idtipo, importe, duracion, fecha, diasgarantia, formapago) values (34, 16, 9, 4736, 178, '14/06/2020', 0, 'E');
insert into Servicios (idtecnico, idcliente, idtipo, importe, duracion, fecha, diasgarantia, formapago) values (10, 40, 6, 9367, 157, '03/04/2020', 0, 'E');
insert into Servicios (idtecnico, idcliente, idtipo, importe, duracion, fecha, diasgarantia, formapago) values (18, 49, 9, 3853, 57, '17/10/2019', 0, 'C');
insert into Servicios (idtecnico, idcliente, idtipo, importe, duracion, fecha, diasgarantia, formapago) values (21, 5, 2, 5093, 277, '13/06/2020', 0, 'T');
insert into Servicios (idtecnico, idcliente, idtipo, importe, duracion, fecha, diasgarantia, formapago) values (14, 33, 2, 7969, 133, '28/10/2020', 0, 'E');
insert into Servicios (idtecnico, idcliente, idtipo, importe, duracion, fecha, diasgarantia, formapago) values (4, 81, 9, 5068, 197, '03/10/2020', 0, 'E');
insert into Servicios (idtecnico, idcliente, idtipo, importe, duracion, fecha, diasgarantia, formapago) values (25, 81, 1, 7389, 61, '20/10/2019', 0, 'C');
insert into Servicios (idtecnico, idcliente, idtipo, importe, duracion, fecha, diasgarantia, formapago) values (1, 98, 7, 10387, 212, '11/12/2019', 0, 'E');
insert into Servicios (idtecnico, idcliente, idtipo, importe, duracion, fecha, diasgarantia, formapago) values (46, 94, 8, 11896, 231, '27/05/2019', 0, 'T');
insert into Servicios (idtecnico, idcliente, idtipo, importe, duracion, fecha, diasgarantia, formapago) values (40, 97, 5, 8746, 289, '22/11/2019', 0, 'E');
insert into Servicios (idtecnico, idcliente, idtipo, importe, duracion, fecha, diasgarantia, formapago) values (12, 56, 5, 11017, 117, '08/07/2020', 0, 'T');
insert into Servicios (idtecnico, idcliente, idtipo, importe, duracion, fecha, diasgarantia, formapago) values (29, 76, 2, 11883, 200, '12/10/2020', 0, 'T');
insert into Servicios (idtecnico, idcliente, idtipo, importe, duracion, fecha, diasgarantia, formapago) values (31, 36, 8, 7115, 228, '26/12/2020', 0, 'E');
insert into Servicios (idtecnico, idcliente, idtipo, importe, duracion, fecha, diasgarantia, formapago) values (5, 41, 8, 6877, 136, '05/11/2020', 0, 'C');
insert into Servicios (idtecnico, idcliente, idtipo, importe, duracion, fecha, diasgarantia, formapago) values (28, 17, 10, 7451, 199, '03/07/2019', 0, 'T');
insert into Servicios (idtecnico, idcliente, idtipo, importe, duracion, fecha, diasgarantia, formapago) values (9, 62, 2, 9029, 158, '03/08/2019', 0, 'T');
insert into Servicios (idtecnico, idcliente, idtipo, importe, duracion, fecha, diasgarantia, formapago) values (26, 89, 6, 6583, 43, '29/09/2020', 0, 'T');
insert into Servicios (idtecnico, idcliente, idtipo, importe, duracion, fecha, diasgarantia, formapago) values (9, 91, 8, 4836, 145, '23/11/2019', 0, 'T');
insert into Servicios (idtecnico, idcliente, idtipo, importe, duracion, fecha, diasgarantia, formapago) values (5, 99, 8, 7684, 227, '28/01/2020', 0, 'T');
insert into Servicios (idtecnico, idcliente, idtipo, importe, duracion, fecha, diasgarantia, formapago) values (30, 90, 8, 3721, 64, '15/04/2020', 0, 'T');
insert into Servicios (idtecnico, idcliente, idtipo, importe, duracion, fecha, diasgarantia, formapago) values (21, 61, 10, 8203, 53, '01/12/2020', 0, 'E');
insert into Servicios (idtecnico, idcliente, idtipo, importe, duracion, fecha, diasgarantia, formapago) values (16, 72, 8, 11282, 298, '27/08/2019', 0, 'T');
insert into Servicios (idtecnico, idcliente, idtipo, importe, duracion, fecha, diasgarantia, formapago) values (21, 18, 5, 5648, 54, '04/05/2020', 0, 'C');
insert into Servicios (idtecnico, idcliente, idtipo, importe, duracion, fecha, diasgarantia, formapago) values (2, 88, 5, 2946, 346, '19/02/2019', 0, 'T');
insert into Servicios (idtecnico, idcliente, idtipo, importe, duracion, fecha, diasgarantia, formapago) values (38, 4, 1, 3429, 104, '11/09/2019', 0, 'T');
insert into Servicios (idtecnico, idcliente, idtipo, importe, duracion, fecha, diasgarantia, formapago) values (30, 62, 10, 4352, 63, '07/08/2019', 0, 'C');
insert into Servicios (idtecnico, idcliente, idtipo, importe, duracion, fecha, diasgarantia, formapago) values (43, 86, 3, 8641, 294, '30/08/2019', 0, 'T');
insert into Servicios (idtecnico, idcliente, idtipo, importe, duracion, fecha, diasgarantia, formapago) values (22, 19, 3, 7233, 194, '04/11/2020', 0, 'C');
insert into Servicios (idtecnico, idcliente, idtipo, importe, duracion, fecha, diasgarantia, formapago) values (41, 75, 3, 2735, 46, '25/03/2020', 0, 'E');
insert into Servicios (idtecnico, idcliente, idtipo, importe, duracion, fecha, diasgarantia, formapago) values (34, 54, 8, 9292, 340, '21/06/2020', 0, 'E');
insert into Servicios (idtecnico, idcliente, idtipo, importe, duracion, fecha, diasgarantia, formapago) values (11, 62, 9, 6463, 132, '13/11/2020', 0, 'T');
insert into Servicios (idtecnico, idcliente, idtipo, importe, duracion, fecha, diasgarantia, formapago) values (32, 15, 6, 7793, 49, '16/07/2019', 0, 'E');
insert into Servicios (idtecnico, idcliente, idtipo, importe, duracion, fecha, diasgarantia, formapago) values (9, 37, 8, 4034, 292, '22/10/2020', 0, 'C');
insert into Servicios (idtecnico, idcliente, idtipo, importe, duracion, fecha, diasgarantia, formapago) values (7, 59, 5, 4985, 286, '16/12/2020', 0, 'E');
insert into Servicios (idtecnico, idcliente, idtipo, importe, duracion, fecha, diasgarantia, formapago) values (18, 40, 8, 5481, 53, '04/07/2019', 0, 'E');
insert into Servicios (idtecnico, idcliente, idtipo, importe, duracion, fecha, diasgarantia, formapago) values (47, 64, 6, 11723, 111, '28/05/2019', 0, 'E');
insert into Servicios (idtecnico, idcliente, idtipo, importe, duracion, fecha, diasgarantia, formapago) values (12, 74, 3, 4806, 313, '07/08/2020', 0, 'E');
insert into Servicios (idtecnico, idcliente, idtipo, importe, duracion, fecha, diasgarantia, formapago) values (50, 11, 7, 10969, 49, '04/08/2020', 0, 'E');
insert into Servicios (idtecnico, idcliente, idtipo, importe, duracion, fecha, diasgarantia, formapago) values (28, 76, 5, 8470, 164, '17/09/2020', 0, 'E');
insert into Servicios (idtecnico, idcliente, idtipo, importe, duracion, fecha, diasgarantia, formapago) values (18, 43, 2, 11894, 294, '05/10/2020', 0, 'E');
insert into Servicios (idtecnico, idcliente, idtipo, importe, duracion, fecha, diasgarantia, formapago) values (16, 40, 6, 6225, 167, '05/03/2019', 0, 'E');
insert into Servicios (idtecnico, idcliente, idtipo, importe, duracion, fecha, diasgarantia, formapago) values (4, 42, 3, 6583, 143, '07/08/2020', 0, 'C');
insert into Servicios (idtecnico, idcliente, idtipo, importe, duracion, fecha, diasgarantia, formapago) values (3, 40, 4, 3587, 167, '13/06/2020', 0, 'E');
insert into Servicios (idtecnico, idcliente, idtipo, importe, duracion, fecha, diasgarantia, formapago) values (26, 31, 1, 6174, 254, '27/10/2019', 0, 'E');
insert into Servicios (idtecnico, idcliente, idtipo, importe, duracion, fecha, diasgarantia, formapago) values (48, 74, 5, 9266, 219, '19/04/2020', 0, 'E');
insert into Servicios (idtecnico, idcliente, idtipo, importe, duracion, fecha, diasgarantia, formapago) values (27, 63, 10, 2975, 77, '31/01/2019', 0, 'C');
insert into Servicios (idtecnico, idcliente, idtipo, importe, duracion, fecha, diasgarantia, formapago) values (7, 10, 4, 4285, 182, '30/04/2020', 0, 'T');
insert into Servicios (idtecnico, idcliente, idtipo, importe, duracion, fecha, diasgarantia, formapago) values (28, 57, 10, 2920, 153, '06/08/2020', 0, 'E');
insert into Servicios (idtecnico, idcliente, idtipo, importe, duracion, fecha, diasgarantia, formapago) values (49, 32, 9, 5910, 154, '26/07/2019', 0, 'C');
insert into Servicios (idtecnico, idcliente, idtipo, importe, duracion, fecha, diasgarantia, formapago) values (40, 99, 2, 2755, 148, '07/07/2019', 0, 'C');
insert into Servicios (idtecnico, idcliente, idtipo, importe, duracion, fecha, diasgarantia, formapago) values (32, 68, 10, 9787, 68, '15/04/2020', 0, 'E');
insert into Servicios (idtecnico, idcliente, idtipo, importe, duracion, fecha, diasgarantia, formapago) values (36, 25, 4, 11951, 258, '20/07/2019', 0, 'T');
insert into Servicios (idtecnico, idcliente, idtipo, importe, duracion, fecha, diasgarantia, formapago) values (45, 65, 3, 8493, 276, '17/11/2019', 0, 'T');
insert into Servicios (idtecnico, idcliente, idtipo, importe, duracion, fecha, diasgarantia, formapago) values (29, 68, 7, 8251, 151, '18/08/2020', 0, 'C');
insert into Servicios (idtecnico, idcliente, idtipo, importe, duracion, fecha, diasgarantia, formapago) values (40, 20, 8, 8488, 174, '24/03/2019', 0, 'C');
insert into Servicios (idtecnico, idcliente, idtipo, importe, duracion, fecha, diasgarantia, formapago) values (40, 93, 6, 10391, 115, '08/01/2020', 0, 'C');
insert into Servicios (idtecnico, idcliente, idtipo, importe, duracion, fecha, diasgarantia, formapago) values (46, 53, 3, 8786, 42, '15/03/2020', 0, 'T');
insert into Servicios (idtecnico, idcliente, idtipo, importe, duracion, fecha, diasgarantia, formapago) values (47, 12, 6, 5528, 321, '07/12/2019', 0, 'C');
insert into Servicios (idtecnico, idcliente, idtipo, importe, duracion, fecha, diasgarantia, formapago) values (8, 72, 7, 6292, 357, '12/12/2020', 0, 'E');
insert into Servicios (idtecnico, idcliente, idtipo, importe, duracion, fecha, diasgarantia, formapago) values (42, 69, 4, 11723, 131, '02/01/2019', 0, 'C');
insert into Servicios (idtecnico, idcliente, idtipo, importe, duracion, fecha, diasgarantia, formapago) values (34, 92, 5, 4675, 338, '11/04/2020', 0, 'T');
insert into Servicios (idtecnico, idcliente, idtipo, importe, duracion, fecha, diasgarantia, formapago) values (35, 5, 10, 9179, 117, '20/04/2020', 0, 'E');
insert into Servicios (idtecnico, idcliente, idtipo, importe, duracion, fecha, diasgarantia, formapago) values (13, 60, 3, 8836, 242, '29/04/2019', 0, 'C');
insert into Servicios (idtecnico, idcliente, idtipo, importe, duracion, fecha, diasgarantia, formapago) values (47, 20, 5, 6980, 45, '04/09/2020', 0, 'E');
insert into Servicios (idtecnico, idcliente, idtipo, importe, duracion, fecha, diasgarantia, formapago) values (28, 19, 8, 4727, 79, '02/02/2020', 0, 'T');
insert into Servicios (idtecnico, idcliente, idtipo, importe, duracion, fecha, diasgarantia, formapago) values (47, 22, 3, 9902, 162, '20/10/2020', 0, 'C');
insert into Servicios (idtecnico, idcliente, idtipo, importe, duracion, fecha, diasgarantia, formapago) values (5, 36, 10, 10431, 332, '12/09/2020', 0, 'T');
insert into Servicios (idtecnico, idcliente, idtipo, importe, duracion, fecha, diasgarantia, formapago) values (32, 65, 10, 8609, 106, '16/12/2019', 0, 'C');
insert into Servicios (idtecnico, idcliente, idtipo, importe, duracion, fecha, diasgarantia, formapago) values (10, 29, 5, 9268, 213, '12/05/2019', 0, 'C');
insert into Servicios (idtecnico, idcliente, idtipo, importe, duracion, fecha, diasgarantia, formapago) values (2, 81, 10, 10746, 244, '14/04/2020', 0, 'C');
insert into Servicios (idtecnico, idcliente, idtipo, importe, duracion, fecha, diasgarantia, formapago) values (9, 44, 6, 8035, 84, '07/11/2020', 0, 'T');
insert into Servicios (idtecnico, idcliente, idtipo, importe, duracion, fecha, diasgarantia, formapago) values (41, 71, 10, 6377, 229, '17/12/2020', 0, 'C');
insert into Servicios (idtecnico, idcliente, idtipo, importe, duracion, fecha, diasgarantia, formapago) values (40, 17, 2, 11283, 26, '12/02/2020', 0, 'E');
insert into Servicios (idtecnico, idcliente, idtipo, importe, duracion, fecha, diasgarantia, formapago) values (2, 40, 7, 2562, 150, '09/01/2019', 0, 'C');
insert into Servicios (idtecnico, idcliente, idtipo, importe, duracion, fecha, diasgarantia, formapago) values (5, 64, 8, 8710, 248, '27/12/2020', 0, 'C');
insert into Servicios (idtecnico, idcliente, idtipo, importe, duracion, fecha, diasgarantia, formapago) values (49, 40, 9, 8805, 133, '16/05/2020', 0, 'T');
insert into Servicios (idtecnico, idcliente, idtipo, importe, duracion, fecha, diasgarantia, formapago) values (35, 73, 10, 9109, 57, '29/07/2019', 149, 'E');
insert into Servicios (idtecnico, idcliente, idtipo, importe, duracion, fecha, diasgarantia, formapago) values (17, 71, 10, 11804, 166, '20/08/2020', 120, 'E');
insert into Servicios (idtecnico, idcliente, idtipo, importe, duracion, fecha, diasgarantia, formapago) values (12, 95, 10, 4272, 183, '21/06/2020', 87, 'C');
insert into Servicios (idtecnico, idcliente, idtipo, importe, duracion, fecha, diasgarantia, formapago) values (36, 16, 10, 5268, 231, '19/11/2020', 42, 'T');
insert into Servicios (idtecnico, idcliente, idtipo, importe, duracion, fecha, diasgarantia, formapago) values (50, 14, 9, 7158, 55, '09/10/2020', 78, 'C');
insert into Servicios (idtecnico, idcliente, idtipo, importe, duracion, fecha, diasgarantia, formapago) values (29, 38, 1, 3150, 74, '19/10/2020', 93, 'E');
insert into Servicios (idtecnico, idcliente, idtipo, importe, duracion, fecha, diasgarantia, formapago) values (24, 75, 7, 2894, 251, '18/08/2019', 34, 'C');
insert into Servicios (idtecnico, idcliente, idtipo, importe, duracion, fecha, diasgarantia, formapago) values (25, 49, 4, 5761, 344, '13/02/2019', 128, 'E');
insert into Servicios (idtecnico, idcliente, idtipo, importe, duracion, fecha, diasgarantia, formapago) values (30, 45, 10, 8009, 125, '31/08/2019', 41, 'T');
insert into Servicios (idtecnico, idcliente, idtipo, importe, duracion, fecha, diasgarantia, formapago) values (28, 89, 9, 3775, 182, '04/02/2019', 78, 'T');
insert into Servicios (idtecnico, idcliente, idtipo, importe, duracion, fecha, diasgarantia, formapago) values (26, 53, 9, 4740, 305, '20/06/2019', 82, 'E');
insert into Servicios (idtecnico, idcliente, idtipo, importe, duracion, fecha, diasgarantia, formapago) values (4, 46, 4, 8519, 83, '11/04/2019', 85, 'E');
insert into Servicios (idtecnico, idcliente, idtipo, importe, duracion, fecha, diasgarantia, formapago) values (18, 44, 9, 11100, 124, '21/09/2020', 169, 'T');
insert into Servicios (idtecnico, idcliente, idtipo, importe, duracion, fecha, diasgarantia, formapago) values (6, 31, 6, 8843, 335, '26/12/2019', 180, 'E');
insert into Servicios (idtecnico, idcliente, idtipo, importe, duracion, fecha, diasgarantia, formapago) values (35, 97, 4, 3548, 128, '26/04/2020', 99, 'T');
insert into Servicios (idtecnico, idcliente, idtipo, importe, duracion, fecha, diasgarantia, formapago) values (23, 3, 2, 3827, 90, '28/03/2019', 51, 'C');
insert into Servicios (idtecnico, idcliente, idtipo, importe, duracion, fecha, diasgarantia, formapago) values (45, 43, 2, 4931, 226, '25/10/2019', 174, 'E');
insert into Servicios (idtecnico, idcliente, idtipo, importe, duracion, fecha, diasgarantia, formapago) values (1, 80, 8, 3129, 67, '01/06/2019', 61, 'T');
insert into Servicios (idtecnico, idcliente, idtipo, importe, duracion, fecha, diasgarantia, formapago) values (25, 98, 5, 6074, 287, '25/06/2020', 128, 'C');
insert into Servicios (idtecnico, idcliente, idtipo, importe, duracion, fecha, diasgarantia, formapago) values (18, 9, 3, 4854, 78, '03/06/2020', 144, 'T');
insert into Servicios (idtecnico, idcliente, idtipo, importe, duracion, fecha, diasgarantia, formapago) values (16, 73, 3, 11725, 199, '10/03/2020', 118, 'T');
insert into Servicios (idtecnico, idcliente, idtipo, importe, duracion, fecha, diasgarantia, formapago) values (5, 5, 5, 8889, 37, '15/02/2020', 124, 'T');
insert into Servicios (idtecnico, idcliente, idtipo, importe, duracion, fecha, diasgarantia, formapago) values (28, 21, 9, 8443, 161, '15/01/2020', 142, 'T');
insert into Servicios (idtecnico, idcliente, idtipo, importe, duracion, fecha, diasgarantia, formapago) values (42, 93, 4, 10100, 190, '11/03/2020', 68, 'E');
insert into Servicios (idtecnico, idcliente, idtipo, importe, duracion, fecha, diasgarantia, formapago) values (35, 53, 6, 11394, 55, '14/12/2019', 51, 'C');
insert into Servicios (idtecnico, idcliente, idtipo, importe, duracion, fecha, diasgarantia, formapago) values (28, 90, 8, 4216, 265, '21/09/2020', 100, 'E');
insert into Servicios (idtecnico, idcliente, idtipo, importe, duracion, fecha, diasgarantia, formapago) values (24, 53, 1, 8904, 149, '12/06/2019', 53, 'E');
insert into Servicios (idtecnico, idcliente, idtipo, importe, duracion, fecha, diasgarantia, formapago) values (46, 56, 3, 11420, 70, '21/04/2019', 94, 'C');
insert into Servicios (idtecnico, idcliente, idtipo, importe, duracion, fecha, diasgarantia, formapago) values (33, 52, 8, 8207, 216, '04/05/2019', 85, 'T');
insert into Servicios (idtecnico, idcliente, idtipo, importe, duracion, fecha, diasgarantia, formapago) values (49, 94, 10, 10903, 62, '27/04/2020', 74, 'T');
insert into Servicios (idtecnico, idcliente, idtipo, importe, duracion, fecha, diasgarantia, formapago) values (32, 4, 2, 6697, 242, '29/07/2020', 35, 'T');
insert into Servicios (idtecnico, idcliente, idtipo, importe, duracion, fecha, diasgarantia, formapago) values (19, 18, 3, 6632, 302, '13/05/2020', 38, 'T');
insert into Servicios (idtecnico, idcliente, idtipo, importe, duracion, fecha, diasgarantia, formapago) values (16, 55, 2, 7895, 164, '23/10/2020', 145, 'T');
insert into Servicios (idtecnico, idcliente, idtipo, importe, duracion, fecha, diasgarantia, formapago) values (41, 35, 7, 9018, 98, '21/11/2020', 99, 'E');
insert into Servicios (idtecnico, idcliente, idtipo, importe, duracion, fecha, diasgarantia, formapago) values (38, 53, 1, 8231, 212, '06/09/2020', 112, 'E');
insert into Servicios (idtecnico, idcliente, idtipo, importe, duracion, fecha, diasgarantia, formapago) values (2, 60, 2, 5852, 233, '17/04/2019', 132, 'E');
insert into Servicios (idtecnico, idcliente, idtipo, importe, duracion, fecha, diasgarantia, formapago) values (44, 61, 3, 8583, 102, '20/12/2019', 83, 'C');
insert into Servicios (idtecnico, idcliente, idtipo, importe, duracion, fecha, diasgarantia, formapago) values (29, 61, 7, 8993, 316, '04/04/2020', 81, 'E');
insert into Servicios (idtecnico, idcliente, idtipo, importe, duracion, fecha, diasgarantia, formapago) values (4, 71, 6, 8202, 343, '05/12/2020', 124, 'C');
insert into Servicios (idtecnico, idcliente, idtipo, importe, duracion, fecha, diasgarantia, formapago) values (48, 16, 6, 9783, 123, '26/04/2020', 162, 'T');
insert into Servicios (idtecnico, idcliente, idtipo, importe, duracion, fecha, diasgarantia, formapago) values (37, 94, 10, 4038, 283, '25/05/2020', 61, 'E');
insert into Servicios (idtecnico, idcliente, idtipo, importe, duracion, fecha, diasgarantia, formapago) values (25, 58, 4, 4642, 32, '23/01/2019', 79, 'T');
insert into Servicios (idtecnico, idcliente, idtipo, importe, duracion, fecha, diasgarantia, formapago) values (3, 49, 5, 7319, 292, '10/05/2020', 37, 'E');
insert into Servicios (idtecnico, idcliente, idtipo, importe, duracion, fecha, diasgarantia, formapago) values (2, 52, 1, 5054, 122, '06/10/2019', 153, 'T');
insert into Servicios (idtecnico, idcliente, idtipo, importe, duracion, fecha, diasgarantia, formapago) values (19, 88, 3, 8254, 56, '23/04/2019', 118, 'T');
insert into Servicios (idtecnico, idcliente, idtipo, importe, duracion, fecha, diasgarantia, formapago) values (38, 80, 4, 10263, 275, '20/10/2020', 66, 'T');
insert into Servicios (idtecnico, idcliente, idtipo, importe, duracion, fecha, diasgarantia, formapago) values (50, 55, 2, 7668, 132, '31/05/2020', 47, 'C');
insert into Servicios (idtecnico, idcliente, idtipo, importe, duracion, fecha, diasgarantia, formapago) values (45, 67, 7, 9672, 128, '07/11/2020', 147, 'E');
insert into Servicios (idtecnico, idcliente, idtipo, importe, duracion, fecha, diasgarantia, formapago) values (4, 6, 7, 8035, 38, '12/03/2019', 160, 'T');
insert into Servicios (idtecnico, idcliente, idtipo, importe, duracion, fecha, diasgarantia, formapago) values (5, 78, 7, 6289, 263, '26/02/2020', 165, 'T');
insert into Servicios (idtecnico, idcliente, idtipo, importe, duracion, fecha, diasgarantia, formapago) values (10, 4, 9, 9915, 337, '11/06/2019', 80, 'E');
insert into Servicios (idtecnico, idcliente, idtipo, importe, duracion, fecha, diasgarantia, formapago) values (42, 85, 1, 10839, 126, '22/01/2019', 45, 'C');
insert into Servicios (idtecnico, idcliente, idtipo, importe, duracion, fecha, diasgarantia, formapago) values (27, 93, 8, 5092, 350, '15/10/2020', 144, 'T');
insert into Servicios (idtecnico, idcliente, idtipo, importe, duracion, fecha, diasgarantia, formapago) values (35, 15, 1, 11311, 214, '21/10/2019', 30, 'E');
insert into Servicios (idtecnico, idcliente, idtipo, importe, duracion, fecha, diasgarantia, formapago) values (32, 28, 10, 5483, 64, '03/07/2019', 138, 'C');
insert into Servicios (idtecnico, idcliente, idtipo, importe, duracion, fecha, diasgarantia, formapago) values (21, 69, 9, 6085, 46, '22/12/2019', 61, 'C');
insert into Servicios (idtecnico, idcliente, idtipo, importe, duracion, fecha, diasgarantia, formapago) values (7, 16, 4, 2673, 204, '22/04/2020', 94, 'C');
insert into Servicios (idtecnico, idcliente, idtipo, importe, duracion, fecha, diasgarantia, formapago) values (43, 26, 6, 4963, 245, '25/07/2019', 148, 'C');
insert into Servicios (idtecnico, idcliente, idtipo, importe, duracion, fecha, diasgarantia, formapago) values (45, 43, 6, 3569, 106, '27/10/2019', 131, 'C');
insert into Servicios (idtecnico, idcliente, idtipo, importe, duracion, fecha, diasgarantia, formapago) values (32, 63, 2, 6976, 284, '05/04/2019', 112, 'C');
insert into Servicios (idtecnico, idcliente, idtipo, importe, duracion, fecha, diasgarantia, formapago) values (14, 27, 7, 6330, 308, '05/11/2020', 71, 'C');
insert into Servicios (idtecnico, idcliente, idtipo, importe, duracion, fecha, diasgarantia, formapago) values (47, 79, 6, 10123, 142, '23/07/2020', 177, 'T');
insert into Servicios (idtecnico, idcliente, idtipo, importe, duracion, fecha, diasgarantia, formapago) values (24, 49, 2, 6833, 288, '06/05/2020', 164, 'T');
insert into Servicios (idtecnico, idcliente, idtipo, importe, duracion, fecha, diasgarantia, formapago) values (10, 70, 9, 10253, 222, '25/10/2019', 115, 'T');
insert into Servicios (idtecnico, idcliente, idtipo, importe, duracion, fecha, diasgarantia, formapago) values (42, 42, 9, 6708, 281, '02/03/2020', 89, 'T');
insert into Servicios (idtecnico, idcliente, idtipo, importe, duracion, fecha, diasgarantia, formapago) values (24, 40, 2, 5485, 177, '24/12/2019', 78, 'C');
insert into Servicios (idtecnico, idcliente, idtipo, importe, duracion, fecha, diasgarantia, formapago) values (11, 8, 10, 8658, 176, '04/05/2019', 147, 'C');
insert into Servicios (idtecnico, idcliente, idtipo, importe, duracion, fecha, diasgarantia, formapago) values (19, 96, 10, 9909, 314, '11/02/2020', 154, 'C');
insert into Servicios (idtecnico, idcliente, idtipo, importe, duracion, fecha, diasgarantia, formapago) values (11, 5, 1, 10025, 38, '30/04/2019', 178, 'T');
insert into Servicios (idtecnico, idcliente, idtipo, importe, duracion, fecha, diasgarantia, formapago) values (14, 24, 5, 8454, 35, '14/07/2020', 148, 'T');
insert into Servicios (idtecnico, idcliente, idtipo, importe, duracion, fecha, diasgarantia, formapago) values (6, 6, 9, 2831, 278, '07/11/2019', 62, 'T');
insert into Servicios (idtecnico, idcliente, idtipo, importe, duracion, fecha, diasgarantia, formapago) values (33, 72, 7, 7197, 251, '01/02/2019', 133, 'E');
insert into Servicios (idtecnico, idcliente, idtipo, importe, duracion, fecha, diasgarantia, formapago) values (17, 51, 6, 9229, 168, '01/08/2020', 122, 'T');
insert into Servicios (idtecnico, idcliente, idtipo, importe, duracion, fecha, diasgarantia, formapago) values (14, 27, 3, 4929, 358, '16/09/2019', 81, 'E');
insert into Servicios (idtecnico, idcliente, idtipo, importe, duracion, fecha, diasgarantia, formapago) values (5, 35, 3, 10507, 223, '08/07/2019', 178, 'C');
insert into Servicios (idtecnico, idcliente, idtipo, importe, duracion, fecha, diasgarantia, formapago) values (5, 4, 9, 6807, 35, '28/05/2020', 52, 'E');
insert into Servicios (idtecnico, idcliente, idtipo, importe, duracion, fecha, diasgarantia, formapago) values (16, 5, 8, 3689, 107, '25/08/2019', 77, 'T');
insert into Servicios (idtecnico, idcliente, idtipo, importe, duracion, fecha, diasgarantia, formapago) values (32, 27, 1, 3790, 114, '26/04/2019', 171, 'T');
insert into Servicios (idtecnico, idcliente, idtipo, importe, duracion, fecha, diasgarantia, formapago) values (6, 2, 6, 3694, 114, '15/04/2020', 109, 'E');
insert into Servicios (idtecnico, idcliente, idtipo, importe, duracion, fecha, diasgarantia, formapago) values (22, 36, 2, 4442, 284, '15/06/2020', 104, 'C');
insert into Servicios (idtecnico, idcliente, idtipo, importe, duracion, fecha, diasgarantia, formapago) values (26, 16, 10, 7423, 124, '19/05/2019', 121, 'E');
insert into Servicios (idtecnico, idcliente, idtipo, importe, duracion, fecha, diasgarantia, formapago) values (15, 23, 4, 3646, 201, '02/11/2019', 155, 'E');
insert into Servicios (idtecnico, idcliente, idtipo, importe, duracion, fecha, diasgarantia, formapago) values (38, 71, 1, 4111, 286, '06/12/2019', 54, 'C');
insert into Servicios (idtecnico, idcliente, idtipo, importe, duracion, fecha, diasgarantia, formapago) values (28, 49, 9, 7175, 198, '07/11/2019', 155, 'C');
insert into Servicios (idtecnico, idcliente, idtipo, importe, duracion, fecha, diasgarantia, formapago) values (23, 68, 4, 8907, 76, '20/01/2020', 102, 'T');
insert into Servicios (idtecnico, idcliente, idtipo, importe, duracion, fecha, diasgarantia, formapago) values (50, 39, 5, 4038, 121, '09/02/2020', 150, 'T');
insert into Servicios (idtecnico, idcliente, idtipo, importe, duracion, fecha, diasgarantia, formapago) values (40, 83, 2, 10397, 359, '14/12/2019', 72, 'T');
insert into Servicios (idtecnico, idcliente, idtipo, importe, duracion, fecha, diasgarantia, formapago) values (43, 17, 6, 4846, 303, '08/01/2019', 48, 'C');
insert into Servicios (idtecnico, idcliente, idtipo, importe, duracion, fecha, diasgarantia, formapago) values (24, 84, 6, 11837, 282, '25/06/2020', 147, 'C');
insert into Servicios (idtecnico, idcliente, idtipo, importe, duracion, fecha, diasgarantia, formapago) values (39, 24, 3, 8464, 226, '15/01/2019', 101, 'T');
insert into Servicios (idtecnico, idcliente, idtipo, importe, duracion, fecha, diasgarantia, formapago) values (3, 45, 1, 7994, 41, '22/10/2020', 81, 'E');
insert into Servicios (idtecnico, idcliente, idtipo, importe, duracion, fecha, diasgarantia, formapago) values (49, 88, 9, 10511, 349, '05/12/2019', 37, 'T');
insert into Servicios (idtecnico, idcliente, idtipo, importe, duracion, fecha, diasgarantia, formapago) values (12, 25, 3, 8219, 351, '12/01/2020', 59, 'C');
insert into Servicios (idtecnico, idcliente, idtipo, importe, duracion, fecha, diasgarantia, formapago) values (1, 88, 10, 3867, 148, '28/05/2019', 144, 'C');
insert into Servicios (idtecnico, idcliente, idtipo, importe, duracion, fecha, diasgarantia, formapago) values (6, 72, 5, 7487, 253, '20/12/2020', 115, 'E');
insert into Servicios (idtecnico, idcliente, idtipo, importe, duracion, fecha, diasgarantia, formapago) values (11, 23, 7, 7390, 337, '15/08/2019', 104, 'C');
insert into Servicios (idtecnico, idcliente, idtipo, importe, duracion, fecha, diasgarantia, formapago) values (17, 96, 10, 2781, 217, '17/11/2020', 106, 'C');
insert into Servicios (idtecnico, idcliente, idtipo, importe, duracion, fecha, diasgarantia, formapago) values (26, 39, 6, 10624, 118, '30/09/2020', 98, 'C');
insert into Servicios (idtecnico, idcliente, idtipo, importe, duracion, fecha, diasgarantia, formapago) values (45, 34, 2, 6741, 173, '11/08/2019', 32, 'E');
insert into Servicios (idtecnico, idcliente, idtipo, importe, duracion, fecha, diasgarantia, formapago) values (27, 79, 4, 10621, 207, '01/05/2020', 85, 'T');
insert into Servicios (idtecnico, idcliente, idtipo, importe, duracion, fecha, diasgarantia, formapago) values (39, 8, 9, 2628, 277, '07/07/2019', 72, 'C');
insert into Servicios (idtecnico, idcliente, idtipo, importe, duracion, fecha, diasgarantia, formapago) values (48, 34, 5, 8873, 122, '11/11/2020', 113, 'E');
insert into Servicios (idtecnico, idcliente, idtipo, importe, duracion, fecha, diasgarantia, formapago) values (28, 37, 6, 9572, 26, '31/08/2019', 157, 'T');
insert into Servicios (idtecnico, idcliente, idtipo, importe, duracion, fecha, diasgarantia, formapago) values (8, 23, 5, 7052, 82, '06/12/2019', 40, 'E');
insert into Servicios (idtecnico, idcliente, idtipo, importe, duracion, fecha, diasgarantia, formapago) values (25, 24, 6, 9550, 170, '03/11/2019', 150, 'E');
insert into Servicios (idtecnico, idcliente, idtipo, importe, duracion, fecha, diasgarantia, formapago) values (29, 99, 4, 11202, 211, '26/05/2019', 131, 'C');
insert into Servicios (idtecnico, idcliente, idtipo, importe, duracion, fecha, diasgarantia, formapago) values (17, 47, 2, 7493, 314, '20/04/2020', 75, 'T');
insert into Servicios (idtecnico, idcliente, idtipo, importe, duracion, fecha, diasgarantia, formapago) values (41, 68, 4, 7203, 71, '15/02/2020', 127, 'C');
insert into Servicios (idtecnico, idcliente, idtipo, importe, duracion, fecha, diasgarantia, formapago) values (1, 25, 2, 3437, 59, '06/09/2019', 137, 'T');
insert into Servicios (idtecnico, idcliente, idtipo, importe, duracion, fecha, diasgarantia, formapago) values (3, 55, 3, 6687, 201, '24/07/2019', 82, 'E');
insert into Servicios (idtecnico, idcliente, idtipo, importe, duracion, fecha, diasgarantia, formapago) values (10, 2, 10, 10005, 323, '05/05/2019', 145, 'E');
insert into Servicios (idtecnico, idcliente, idtipo, importe, duracion, fecha, diasgarantia, formapago) values (35, 11, 7, 5948, 304, '04/02/2020', 155, 'T');
insert into Servicios (idtecnico, idcliente, idtipo, importe, duracion, fecha, diasgarantia, formapago) values (48, 87, 7, 11721, 288, '04/11/2019', 45, 'C');
insert into Servicios (idtecnico, idcliente, idtipo, importe, duracion, fecha, diasgarantia, formapago) values (4, 58, 10, 8911, 62, '03/09/2020', 146, 'T');
insert into Servicios (idtecnico, idcliente, idtipo, importe, duracion, fecha, diasgarantia, formapago) values (7, 46, 3, 2622, 73, '26/01/2019', 38, 'T');
insert into Servicios (idtecnico, idcliente, idtipo, importe, duracion, fecha, diasgarantia, formapago) values (6, 11, 8, 9491, 341, '26/07/2020', 94, 'E');
insert into Servicios (idtecnico, idcliente, idtipo, importe, duracion, fecha, diasgarantia, formapago) values (1, 34, 5, 11728, 224, '26/12/2019', 144, 'E');
insert into Servicios (idtecnico, idcliente, idtipo, importe, duracion, fecha, diasgarantia, formapago) values (21, 12, 3, 10878, 183, '10/07/2019', 120, 'E');
insert into Servicios (idtecnico, idcliente, idtipo, importe, duracion, fecha, diasgarantia, formapago) values (22, 80, 6, 7664, 61, '05/03/2019', 160, 'E');
insert into Servicios (idtecnico, idcliente, idtipo, importe, duracion, fecha, diasgarantia, formapago) values (33, 27, 1, 6773, 26, '26/10/2019', 119, 'C');
insert into Servicios (idtecnico, idcliente, idtipo, importe, duracion, fecha, diasgarantia, formapago) values (46, 88, 2, 3671, 257, '08/02/2020', 130, 'C');
insert into Servicios (idtecnico, idcliente, idtipo, importe, duracion, fecha, diasgarantia, formapago) values (24, 77, 8, 7618, 355, '01/04/2020', 157, 'C');
insert into Servicios (idtecnico, idcliente, idtipo, importe, duracion, fecha, diasgarantia, formapago) values (42, 80, 4, 8648, 156, '12/03/2019', 33, 'T');
insert into Servicios (idtecnico, idcliente, idtipo, importe, duracion, fecha, diasgarantia, formapago) values (33, 52, 5, 3532, 102, '03/08/2019', 147, 'C');
insert into Servicios (idtecnico, idcliente, idtipo, importe, duracion, fecha, diasgarantia, formapago) values (35, 8, 8, 2932, 201, '12/03/2019', 145, 'C');
insert into Servicios (idtecnico, idcliente, idtipo, importe, duracion, fecha, diasgarantia, formapago) values (11, 15, 6, 10877, 30, '01/04/2019', 124, 'T');
insert into Servicios (idtecnico, idcliente, idtipo, importe, duracion, fecha, diasgarantia, formapago) values (8, 88, 6, 3815, 263, '09/05/2020', 131, 'E');
insert into Servicios (idtecnico, idcliente, idtipo, importe, duracion, fecha, diasgarantia, formapago) values (37, 78, 2, 10426, 29, '22/12/2020', 42, 'T');
insert into Servicios (idtecnico, idcliente, idtipo, importe, duracion, fecha, diasgarantia, formapago) values (49, 69, 5, 9548, 160, '23/11/2020', 141, 'C');
insert into Servicios (idtecnico, idcliente, idtipo, importe, duracion, fecha, diasgarantia, formapago) values (49, 64, 10, 5033, 202, '11/09/2019', 39, 'T');
insert into Servicios (idtecnico, idcliente, idtipo, importe, duracion, fecha, diasgarantia, formapago) values (28, 61, 4, 3992, 112, '24/05/2019', 124, 'T');
insert into Servicios (idtecnico, idcliente, idtipo, importe, duracion, fecha, diasgarantia, formapago) values (31, 51, 9, 5058, 202, '13/10/2020', 40, 'C');
insert into Servicios (idtecnico, idcliente, idtipo, importe, duracion, fecha, diasgarantia, formapago) values (35, 42, 1, 11706, 69, '17/01/2020', 155, 'T');
insert into Servicios (idtecnico, idcliente, idtipo, importe, duracion, fecha, diasgarantia, formapago) values (14, 15, 9, 9602, 308, '26/08/2019', 98, 'C');
insert into Servicios (idtecnico, idcliente, idtipo, importe, duracion, fecha, diasgarantia, formapago) values (3, 26, 10, 6933, 233, '16/01/2020', 84, 'C');
insert into Servicios (idtecnico, idcliente, idtipo, importe, duracion, fecha, diasgarantia, formapago) values (6, 98, 1, 8619, 168, '21/11/2020', 109, 'T');
insert into Servicios (idtecnico, idcliente, idtipo, importe, duracion, fecha, diasgarantia, formapago) values (17, 91, 7, 9868, 123, '28/01/2019', 78, 'C');
insert into Servicios (idtecnico, idcliente, idtipo, importe, duracion, fecha, diasgarantia, formapago) values (39, 15, 10, 8042, 107, '07/07/2019', 104, 'C');
insert into Servicios (idtecnico, idcliente, idtipo, importe, duracion, fecha, diasgarantia, formapago) values (46, 72, 7, 8921, 206, '01/01/2020', 66, 'E');
insert into Servicios (idtecnico, idcliente, idtipo, importe, duracion, fecha, diasgarantia, formapago) values (15, 84, 2, 8248, 102, '08/04/2020', 143, 'E');
insert into Servicios (idtecnico, idcliente, idtipo, importe, duracion, fecha, diasgarantia, formapago) values (23, 46, 5, 5387, 152, '02/12/2020', 35, 'T');
insert into Servicios (idtecnico, idcliente, idtipo, importe, duracion, fecha, diasgarantia, formapago) values (10, 68, 1, 5717, 154, '02/09/2019', 139, 'E');
insert into Servicios (idtecnico, idcliente, idtipo, importe, duracion, fecha, diasgarantia, formapago) values (21, 91, 3, 7938, 340, '15/11/2020', 93, 'C');
insert into Servicios (idtecnico, idcliente, idtipo, importe, duracion, fecha, diasgarantia, formapago) values (4, 47, 7, 3677, 90, '14/01/2019', 85, 'C');
insert into Servicios (idtecnico, idcliente, idtipo, importe, duracion, fecha, diasgarantia, formapago) values (26, 72, 6, 4252, 314, '06/01/2020', 165, 'T');
insert into Servicios (idtecnico, idcliente, idtipo, importe, duracion, fecha, diasgarantia, formapago) values (8, 84, 6, 5401, 179, '09/07/2019', 175, 'T');
insert into Servicios (idtecnico, idcliente, idtipo, importe, duracion, fecha, diasgarantia, formapago) values (42, 33, 10, 4435, 126, '08/12/2019', 105, 'E');
insert into Servicios (idtecnico, idcliente, idtipo, importe, duracion, fecha, diasgarantia, formapago) values (3, 48, 8, 4685, 133, '16/05/2019', 101, 'E');
insert into Servicios (idtecnico, idcliente, idtipo, importe, duracion, fecha, diasgarantia, formapago) values (6, 24, 1, 11484, 135, '31/01/2020', 33, 'C');
insert into Servicios (idtecnico, idcliente, idtipo, importe, duracion, fecha, diasgarantia, formapago) values (2, 56, 8, 4533, 55, '17/02/2019', 74, 'T');
insert into Servicios (idtecnico, idcliente, idtipo, importe, duracion, fecha, diasgarantia, formapago) values (8, 44, 8, 10066, 346, '17/07/2019', 59, 'T');
insert into Servicios (idtecnico, idcliente, idtipo, importe, duracion, fecha, diasgarantia, formapago) values (19, 61, 9, 10899, 306, '30/03/2020', 106, 'T');
insert into Servicios (idtecnico, idcliente, idtipo, importe, duracion, fecha, diasgarantia, formapago) values (49, 12, 4, 9222, 89, '24/12/2020', 112, 'T');
insert into Servicios (idtecnico, idcliente, idtipo, importe, duracion, fecha, diasgarantia, formapago) values (25, 72, 3, 5639, 59, '13/08/2020', 136, 'C');
insert into Servicios (idtecnico, idcliente, idtipo, importe, duracion, fecha, diasgarantia, formapago) values (38, 20, 6, 4914, 285, '31/08/2019', 56, 'T');
insert into Servicios (idtecnico, idcliente, idtipo, importe, duracion, fecha, diasgarantia, formapago) values (43, 78, 5, 7401, 285, '16/02/2019', 80, 'T');
insert into Servicios (idtecnico, idcliente, idtipo, importe, duracion, fecha, diasgarantia, formapago) values (28, 93, 8, 7122, 213, '12/11/2020', 121, 'C');
insert into Servicios (idtecnico, idcliente, idtipo, importe, duracion, fecha, diasgarantia, formapago) values (46, 72, 4, 11768, 215, '26/10/2020', 44, 'E');
insert into Servicios (idtecnico, idcliente, idtipo, importe, duracion, fecha, diasgarantia, formapago) values (19, 70, 1, 6918, 192, '11/12/2019', 164, 'T');
insert into Servicios (idtecnico, idcliente, idtipo, importe, duracion, fecha, diasgarantia, formapago) values (17, 13, 4, 3967, 32, '28/10/2019', 140, 'C');
insert into Servicios (idtecnico, idcliente, idtipo, importe, duracion, fecha, diasgarantia, formapago) values (22, 91, 7, 11159, 292, '07/09/2019', 171, 'E');
insert into Servicios (idtecnico, idcliente, idtipo, importe, duracion, fecha, diasgarantia, formapago) values (10, 72, 6, 9093, 328, '12/10/2020', 110, 'E');
insert into Servicios (idtecnico, idcliente, idtipo, importe, duracion, fecha, diasgarantia, formapago) values (31, 4, 8, 2909, 37, '19/02/2020', 137, 'E');
insert into Servicios (idtecnico, idcliente, idtipo, importe, duracion, fecha, diasgarantia, formapago) values (26, 42, 5, 2628, 329, '20/03/2020', 143, 'C');
insert into Servicios (idtecnico, idcliente, idtipo, importe, duracion, fecha, diasgarantia, formapago) values (41, 2, 3, 5322, 236, '27/11/2019', 100, 'C');
insert into Servicios (idtecnico, idcliente, idtipo, importe, duracion, fecha, diasgarantia, formapago) values (46, 92, 9, 9043, 308, '14/05/2019', 42, 'E');
insert into Servicios (idtecnico, idcliente, idtipo, importe, duracion, fecha, diasgarantia, formapago) values (10, 26, 6, 11047, 320, '09/12/2020', 65, 'C');
insert into Servicios (idtecnico, idcliente, idtipo, importe, duracion, fecha, diasgarantia, formapago) values (14, 8, 6, 6751, 211, '29/01/2020', 32, 'T');
insert into Servicios (idtecnico, idcliente, idtipo, importe, duracion, fecha, diasgarantia, formapago) values (36, 19, 5, 5015, 123, '21/08/2019', 109, 'T');
insert into Servicios (idtecnico, idcliente, idtipo, importe, duracion, fecha, diasgarantia, formapago) values (7, 9, 8, 10776, 327, '22/04/2019', 141, 'T');
insert into Servicios (idtecnico, idcliente, idtipo, importe, duracion, fecha, diasgarantia, formapago) values (31, 79, 7, 4509, 308, '09/09/2020', 144, 'E');
insert into Servicios (idtecnico, idcliente, idtipo, importe, duracion, fecha, diasgarantia, formapago) values (5, 14, 2, 5053, 301, '13/01/2019', 36, 'E');
insert into Servicios (idtecnico, idcliente, idtipo, importe, duracion, fecha, diasgarantia, formapago) values (2, 80, 2, 4679, 285, '15/09/2020', 149, 'T');
insert into Servicios (idtecnico, idcliente, idtipo, importe, duracion, fecha, diasgarantia, formapago) values (21, 96, 10, 6422, 270, '17/01/2020', 44, 'C');
insert into Servicios (idtecnico, idcliente, idtipo, importe, duracion, fecha, diasgarantia, formapago) values (40, 36, 3, 5107, 253, '19/01/2019', 139, 'E');
insert into Servicios (idtecnico, idcliente, idtipo, importe, duracion, fecha, diasgarantia, formapago) values (16, 58, 10, 6434, 306, '14/12/2019', 34, 'T');
insert into Servicios (idtecnico, idcliente, idtipo, importe, duracion, fecha, diasgarantia, formapago) values (10, 92, 10, 11398, 169, '24/09/2020', 38, 'E');
insert into Servicios (idtecnico, idcliente, idtipo, importe, duracion, fecha, diasgarantia, formapago) values (6, 67, 4, 3707, 237, '07/09/2020', 128, 'T');
insert into Servicios (idtecnico, idcliente, idtipo, importe, duracion, fecha, diasgarantia, formapago) values (40, 49, 2, 2695, 78, '26/10/2019', 56, 'C');
insert into Servicios (idtecnico, idcliente, idtipo, importe, duracion, fecha, diasgarantia, formapago) values (43, 31, 1, 11410, 46, '10/10/2019', 35, 'C');
insert into Servicios (idtecnico, idcliente, idtipo, importe, duracion, fecha, diasgarantia, formapago) values (16, 93, 4, 5867, 139, '27/03/2020', 95, 'E');
insert into Servicios (idtecnico, idcliente, idtipo, importe, duracion, fecha, diasgarantia, formapago) values (15, 16, 2, 10209, 244, '25/03/2019', 97, 'T');
insert into Servicios (idtecnico, idcliente, idtipo, importe, duracion, fecha, diasgarantia, formapago) values (44, 56, 10, 7523, 46, '02/05/2020', 114, 'T');
insert into Servicios (idtecnico, idcliente, idtipo, importe, duracion, fecha, diasgarantia, formapago) values (40, 54, 6, 7061, 267, '12/06/2020', 61, 'E');
insert into Servicios (idtecnico, idcliente, idtipo, importe, duracion, fecha, diasgarantia, formapago) values (6, 39, 1, 4743, 275, '02/09/2019', 44, 'T');
insert into Servicios (idtecnico, idcliente, idtipo, importe, duracion, fecha, diasgarantia, formapago) values (35, 4, 2, 3742, 332, '12/06/2020', 81, 'C');
insert into Servicios (idtecnico, idcliente, idtipo, importe, duracion, fecha, diasgarantia, formapago) values (10, 70, 7, 3368, 135, '09/08/2019', 58, 'C');
insert into Servicios (idtecnico, idcliente, idtipo, importe, duracion, fecha, diasgarantia, formapago) values (44, 15, 7, 3094, 93, '20/06/2019', 56, 'T');
insert into Servicios (idtecnico, idcliente, idtipo, importe, duracion, fecha, diasgarantia, formapago) values (12, 6, 9, 3698, 293, '26/09/2019', 107, 'T');
insert into Servicios (idtecnico, idcliente, idtipo, importe, duracion, fecha, diasgarantia, formapago) values (18, 77, 6, 5850, 322, '14/09/2019', 166, 'E');
insert into Servicios (idtecnico, idcliente, idtipo, importe, duracion, fecha, diasgarantia, formapago) values (1, 13, 7, 8751, 59, '29/04/2019', 113, 'E');
insert into Servicios (idtecnico, idcliente, idtipo, importe, duracion, fecha, diasgarantia, formapago) values (32, 75, 1, 11435, 25, '14/12/2020', 106, 'E');
insert into Servicios (idtecnico, idcliente, idtipo, importe, duracion, fecha, diasgarantia, formapago) values (15, 52, 10, 4015, 191, '15/07/2019', 162, 'E');
insert into Servicios (idtecnico, idcliente, idtipo, importe, duracion, fecha, diasgarantia, formapago) values (23, 63, 2, 3892, 76, '05/11/2019', 170, 'E');
insert into Servicios (idtecnico, idcliente, idtipo, importe, duracion, fecha, diasgarantia, formapago) values (38, 11, 4, 4399, 353, '18/03/2019', 140, 'C');
insert into Servicios (idtecnico, idcliente, idtipo, importe, duracion, fecha, diasgarantia, formapago) values (34, 80, 7, 10859, 62, '23/03/2019', 54, 'E');
insert into Servicios (idtecnico, idcliente, idtipo, importe, duracion, fecha, diasgarantia, formapago) values (26, 37, 4, 10851, 193, '26/07/2020', 102, 'T');
insert into Servicios (idtecnico, idcliente, idtipo, importe, duracion, fecha, diasgarantia, formapago) values (2, 42, 2, 11885, 96, '17/05/2020', 34, 'E');
insert into Servicios (idtecnico, idcliente, idtipo, importe, duracion, fecha, diasgarantia, formapago) values (43, 98, 2, 7468, 281, '18/10/2019', 36, 'C');
insert into Servicios (idtecnico, idcliente, idtipo, importe, duracion, fecha, diasgarantia, formapago) values (18, 68, 10, 2500, 293, '24/11/2019', 84, 'T');
insert into Servicios (idtecnico, idcliente, idtipo, importe, duracion, fecha, diasgarantia, formapago) values (12, 95, 1, 8485, 33, '24/05/2020', 133, 'C');
insert into Servicios (idtecnico, idcliente, idtipo, importe, duracion, fecha, diasgarantia, formapago) values (44, 34, 6, 7473, 92, '15/12/2020', 61, 'E');
insert into Servicios (idtecnico, idcliente, idtipo, importe, duracion, fecha, diasgarantia, formapago) values (39, 47, 4, 11892, 279, '24/09/2019', 33, 'E');
insert into Servicios (idtecnico, idcliente, idtipo, importe, duracion, fecha, diasgarantia, formapago) values (9, 73, 6, 4930, 265, '25/01/2019', 42, 'C');
insert into Servicios (idtecnico, idcliente, idtipo, importe, duracion, fecha, diasgarantia, formapago) values (19, 61, 3, 7759, 124, '30/07/2020', 126, 'E');
insert into Servicios (idtecnico, idcliente, idtipo, importe, duracion, fecha, diasgarantia, formapago) values (40, 82, 4, 4885, 213, '25/02/2020', 139, 'E');
insert into Servicios (idtecnico, idcliente, idtipo, importe, duracion, fecha, diasgarantia, formapago) values (18, 22, 2, 3471, 128, '08/10/2019', 159, 'T');
insert into Servicios (idtecnico, idcliente, idtipo, importe, duracion, fecha, diasgarantia, formapago) values (7, 35, 1, 7642, 309, '09/05/2019', 122, 'E');
insert into Servicios (idtecnico, idcliente, idtipo, importe, duracion, fecha, diasgarantia, formapago) values (47, 20, 8, 2521, 245, '13/12/2020', 30, 'C');
insert into Servicios (idtecnico, idcliente, idtipo, importe, duracion, fecha, diasgarantia, formapago) values (41, 5, 7, 7561, 225, '17/11/2020', 35, 'T');
insert into Servicios (idtecnico, idcliente, idtipo, importe, duracion, fecha, diasgarantia, formapago) values (47, 30, 3, 6748, 243, '28/09/2020', 159, 'C');
insert into Servicios (idtecnico, idcliente, idtipo, importe, duracion, fecha, diasgarantia, formapago) values (38, 32, 6, 7744, 74, '08/08/2020', 152, 'T');
insert into Servicios (idtecnico, idcliente, idtipo, importe, duracion, fecha, diasgarantia, formapago) values (34, 7, 7, 4836, 224, '24/12/2019', 89, 'T');
insert into Servicios (idtecnico, idcliente, idtipo, importe, duracion, fecha, diasgarantia, formapago) values (10, 4, 7, 7017, 199, '02/10/2019', 114, 'C');
insert into Servicios (idtecnico, idcliente, idtipo, importe, duracion, fecha, diasgarantia, formapago) values (23, 29, 4, 7474, 52, '01/03/2019', 47, 'C');
insert into Servicios (idtecnico, idcliente, idtipo, importe, duracion, fecha, diasgarantia, formapago) values (42, 86, 9, 7639, 336, '07/08/2020', 102, 'C');
insert into Servicios (idtecnico, idcliente, idtipo, importe, duracion, fecha, diasgarantia, formapago) values (45, 79, 5, 8670, 61, '28/09/2019', 83, 'T');
insert into Servicios (idtecnico, idcliente, idtipo, importe, duracion, fecha, diasgarantia, formapago) values (39, 33, 9, 2954, 344, '20/07/2019', 84, 'E');
insert into Servicios (idtecnico, idcliente, idtipo, importe, duracion, fecha, diasgarantia, formapago) values (32, 13, 3, 8718, 102, '02/03/2020', 165, 'E');
insert into Servicios (idtecnico, idcliente, idtipo, importe, duracion, fecha, diasgarantia, formapago) values (8, 45, 5, 8414, 331, '31/03/2020', 83, 'E');
insert into Servicios (idtecnico, idcliente, idtipo, importe, duracion, fecha, diasgarantia, formapago) values (33, 69, 3, 3534, 180, '11/03/2020', 84, 'C');
insert into Servicios (idtecnico, idcliente, idtipo, importe, duracion, fecha, diasgarantia, formapago) values (21, 77, 6, 8387, 209, '09/04/2020', 87, 'C');
insert into Servicios (idtecnico, idcliente, idtipo, importe, duracion, fecha, diasgarantia, formapago) values (12, 18, 5, 8814, 226, '13/10/2020', 147, 'C');
insert into Servicios (idtecnico, idcliente, idtipo, importe, duracion, fecha, diasgarantia, formapago) values (24, 95, 3, 7051, 360, '15/10/2020', 117, 'E');
insert into Servicios (idtecnico, idcliente, idtipo, importe, duracion, fecha, diasgarantia, formapago) values (22, 93, 9, 5655, 25, '15/03/2020', 119, 'E');
insert into Servicios (idtecnico, idcliente, idtipo, importe, duracion, fecha, diasgarantia, formapago) values (36, 38, 9, 11657, 233, '17/08/2020', 66, 'E');
insert into Servicios (idtecnico, idcliente, idtipo, importe, duracion, fecha, diasgarantia, formapago) values (36, 70, 5, 11660, 323, '22/03/2019', 81, 'E');
insert into Servicios (idtecnico, idcliente, idtipo, importe, duracion, fecha, diasgarantia, formapago) values (44, 47, 10, 7140, 240, '21/06/2019', 53, 'E');
insert into Servicios (idtecnico, idcliente, idtipo, importe, duracion, fecha, diasgarantia, formapago) values (6, 98, 4, 8277, 138, '01/07/2020', 161, 'C');
insert into Servicios (idtecnico, idcliente, idtipo, importe, duracion, fecha, diasgarantia, formapago) values (30, 44, 10, 3452, 35, '12/11/2019', 144, 'C');
insert into Servicios (idtecnico, idcliente, idtipo, importe, duracion, fecha, diasgarantia, formapago) values (17, 18, 7, 6893, 42, '24/10/2019', 159, 'C');
insert into Servicios (idtecnico, idcliente, idtipo, importe, duracion, fecha, diasgarantia, formapago) values (6, 41, 9, 6310, 214, '23/01/2019', 141, 'T');
insert into Servicios (idtecnico, idcliente, idtipo, importe, duracion, fecha, diasgarantia, formapago) values (23, 49, 2, 2511, 262, '12/02/2019', 162, 'E');
insert into Servicios (idtecnico, idcliente, idtipo, importe, duracion, fecha, diasgarantia, formapago) values (29, 37, 3, 6894, 239, '29/08/2019', 151, 'E');
insert into Servicios (idtecnico, idcliente, idtipo, importe, duracion, fecha, diasgarantia, formapago) values (25, 71, 3, 5187, 212, '03/03/2020', 166, 'C');
insert into Servicios (idtecnico, idcliente, idtipo, importe, duracion, fecha, diasgarantia, formapago) values (44, 38, 8, 7892, 225, '27/02/2020', 64, 'E');
insert into Servicios (idtecnico, idcliente, idtipo, importe, duracion, fecha, diasgarantia, formapago) values (49, 82, 4, 11285, 178, '26/05/2019', 117, 'T');
insert into Servicios (idtecnico, idcliente, idtipo, importe, duracion, fecha, diasgarantia, formapago) values (12, 77, 10, 3947, 224, '09/10/2019', 35, 'C');
insert into Servicios (idtecnico, idcliente, idtipo, importe, duracion, fecha, diasgarantia, formapago) values (26, 59, 10, 3374, 179, '27/05/2019', 78, 'T');
insert into Servicios (idtecnico, idcliente, idtipo, importe, duracion, fecha, diasgarantia, formapago) values (8, 96, 7, 5634, 35, '20/11/2020', 163, 'T');
insert into Servicios (idtecnico, idcliente, idtipo, importe, duracion, fecha, diasgarantia, formapago) values (39, 58, 6, 6271, 324, '09/01/2020', 140, 'T');
insert into Servicios (idtecnico, idcliente, idtipo, importe, duracion, fecha, diasgarantia, formapago) values (13, 62, 4, 4309, 291, '29/09/2019', 74, 'C');
insert into Servicios (idtecnico, idcliente, idtipo, importe, duracion, fecha, diasgarantia, formapago) values (48, 78, 3, 8745, 217, '04/04/2019', 97, 'E');
insert into Servicios (idtecnico, idcliente, idtipo, importe, duracion, fecha, diasgarantia, formapago) values (31, 54, 2, 2550, 145, '26/05/2019', 130, 'C');
insert into Servicios (idtecnico, idcliente, idtipo, importe, duracion, fecha, diasgarantia, formapago) values (11, 5, 1, 9499, 320, '02/03/2019', 46, 'E');
insert into Servicios (idtecnico, idcliente, idtipo, importe, duracion, fecha, diasgarantia, formapago) values (22, 29, 8, 9623, 102, '21/03/2019', 143, 'E');
insert into Servicios (idtecnico, idcliente, idtipo, importe, duracion, fecha, diasgarantia, formapago) values (18, 62, 5, 8595, 192, '31/08/2020', 59, 'T');
insert into Servicios (idtecnico, idcliente, idtipo, importe, duracion, fecha, diasgarantia, formapago) values (20, 29, 5, 11677, 257, '29/05/2020', 101, 'E');
insert into Servicios (idtecnico, idcliente, idtipo, importe, duracion, fecha, diasgarantia, formapago) values (43, 79, 2, 5091, 71, '12/12/2019', 117, 'C');
insert into Servicios (idtecnico, idcliente, idtipo, importe, duracion, fecha, diasgarantia, formapago) values (47, 84, 1, 6653, 301, '16/11/2020', 87, 'E');
insert into Servicios (idtecnico, idcliente, idtipo, importe, duracion, fecha, diasgarantia, formapago) values (20, 75, 5, 9981, 257, '31/07/2020', 87, 'C');
insert into Servicios (idtecnico, idcliente, idtipo, importe, duracion, fecha, diasgarantia, formapago) values (14, 27, 4, 3034, 136, '19/12/2019', 103, 'T');
insert into Servicios (idtecnico, idcliente, idtipo, importe, duracion, fecha, diasgarantia, formapago) values (22, 63, 9, 4856, 345, '04/08/2019', 89, 'T');
insert into Servicios (idtecnico, idcliente, idtipo, importe, duracion, fecha, diasgarantia, formapago) values (34, 95, 2, 10377, 197, '07/09/2020', 102, 'T');
insert into Servicios (idtecnico, idcliente, idtipo, importe, duracion, fecha, diasgarantia, formapago) values (20, 68, 8, 5899, 206, '01/07/2020', 62, 'E');
insert into Servicios (idtecnico, idcliente, idtipo, importe, duracion, fecha, diasgarantia, formapago) values (1, 74, 10, 10544, 350, '21/03/2019', 140, 'E');
insert into Servicios (idtecnico, idcliente, idtipo, importe, duracion, fecha, diasgarantia, formapago) values (33, 77, 10, 4048, 102, '11/06/2019', 99, 'E');
insert into Servicios (idtecnico, idcliente, idtipo, importe, duracion, fecha, diasgarantia, formapago) values (37, 25, 4, 6804, 69, '17/10/2019', 35, 'T');
insert into Servicios (idtecnico, idcliente, idtipo, importe, duracion, fecha, diasgarantia, formapago) values (41, 94, 3, 8293, 317, '10/06/2019', 119, 'T');
insert into Servicios (idtecnico, idcliente, idtipo, importe, duracion, fecha, diasgarantia, formapago) values (6, 81, 10, 6775, 225, '07/01/2019', 42, 'E');
insert into Servicios (idtecnico, idcliente, idtipo, importe, duracion, fecha, diasgarantia, formapago) values (25, 84, 6, 10545, 261, '28/10/2020', 77, 'C');
insert into Servicios (idtecnico, idcliente, idtipo, importe, duracion, fecha, diasgarantia, formapago) values (24, 21, 9, 4184, 34, '25/06/2020', 86, 'T');
insert into Servicios (idtecnico, idcliente, idtipo, importe, duracion, fecha, diasgarantia, formapago) values (34, 92, 1, 5841, 112, '17/02/2020', 151, 'T');
insert into Servicios (idtecnico, idcliente, idtipo, importe, duracion, fecha, diasgarantia, formapago) values (29, 10, 5, 4934, 239, '08/03/2019', 139, 'C');
insert into Servicios (idtecnico, idcliente, idtipo, importe, duracion, fecha, diasgarantia, formapago) values (48, 22, 4, 2932, 146, '14/09/2019', 95, 'T');
insert into Servicios (idtecnico, idcliente, idtipo, importe, duracion, fecha, diasgarantia, formapago) values (8, 13, 3, 9209, 216, '07/11/2020', 134, 'E');
insert into Servicios (idtecnico, idcliente, idtipo, importe, duracion, fecha, diasgarantia, formapago) values (49, 82, 2, 10700, 222, '22/10/2020', 131, 'T');
insert into Servicios (idtecnico, idcliente, idtipo, importe, duracion, fecha, diasgarantia, formapago) values (41, 55, 1, 3487, 129, '28/12/2020', 100, 'E');
insert into Servicios (idtecnico, idcliente, idtipo, importe, duracion, fecha, diasgarantia, formapago) values (37, 78, 3, 6048, 275, '29/09/2020', 67, 'C');
insert into Servicios (idtecnico, idcliente, idtipo, importe, duracion, fecha, diasgarantia, formapago) values (30, 99, 2, 8022, 331, '06/08/2019', 88, 'T');
insert into Servicios (idtecnico, idcliente, idtipo, importe, duracion, fecha, diasgarantia, formapago) values (16, 77, 9, 9498, 302, '08/05/2019', 113, 'T');
insert into Servicios (idtecnico, idcliente, idtipo, importe, duracion, fecha, diasgarantia, formapago) values (6, 81, 1, 11930, 260, '30/07/2019', 37, 'E');
insert into Servicios (idtecnico, idcliente, idtipo, importe, duracion, fecha, diasgarantia, formapago) values (33, 74, 7, 8543, 200, '29/10/2020', 146, 'C');
insert into Servicios (idtecnico, idcliente, idtipo, importe, duracion, fecha, diasgarantia, formapago) values (28, 95, 1, 10610, 73, '09/09/2019', 45, 'E');
insert into Servicios (idtecnico, idcliente, idtipo, importe, duracion, fecha, diasgarantia, formapago) values (24, 78, 3, 5064, 185, '05/11/2019', 152, 'T');
insert into Servicios (idtecnico, idcliente, idtipo, importe, duracion, fecha, diasgarantia, formapago) values (38, 73, 4, 11782, 178, '08/01/2019', 115, 'T');
insert into Servicios (idtecnico, idcliente, idtipo, importe, duracion, fecha, diasgarantia, formapago) values (7, 40, 5, 6458, 322, '23/10/2020', 139, 'C');
insert into Servicios (idtecnico, idcliente, idtipo, importe, duracion, fecha, diasgarantia, formapago) values (12, 63, 3, 5573, 101, '28/12/2020', 47, 'E');
insert into Servicios (idtecnico, idcliente, idtipo, importe, duracion, fecha, diasgarantia, formapago) values (14, 72, 7, 11990, 35, '03/12/2020', 49, 'E');
insert into Servicios (idtecnico, idcliente, idtipo, importe, duracion, fecha, diasgarantia, formapago) values (2, 25, 5, 3349, 243, '17/07/2019', 35, 'C');
insert into Servicios (idtecnico, idcliente, idtipo, importe, duracion, fecha, diasgarantia, formapago) values (14, 85, 6, 2828, 256, '15/08/2020', 140, 'C');
insert into Servicios (idtecnico, idcliente, idtipo, importe, duracion, fecha, diasgarantia, formapago) values (35, 42, 4, 3202, 109, '29/06/2019', 172, 'E');
insert into Servicios (idtecnico, idcliente, idtipo, importe, duracion, fecha, diasgarantia, formapago) values (12, 53, 3, 10601, 270, '18/04/2020', 32, 'E');
insert into Servicios (idtecnico, idcliente, idtipo, importe, duracion, fecha, diasgarantia, formapago) values (48, 10, 3, 6409, 223, '18/07/2019', 64, 'C');
insert into Servicios (idtecnico, idcliente, idtipo, importe, duracion, fecha, diasgarantia, formapago) values (50, 48, 9, 11879, 342, '27/08/2019', 48, 'C');
insert into Servicios (idtecnico, idcliente, idtipo, importe, duracion, fecha, diasgarantia, formapago) values (4, 74, 8, 2880, 197, '16/03/2020', 107, 'E');
insert into Servicios (idtecnico, idcliente, idtipo, importe, duracion, fecha, diasgarantia, formapago) values (19, 90, 7, 5632, 91, '11/05/2020', 102, 'E');
insert into Servicios (idtecnico, idcliente, idtipo, importe, duracion, fecha, diasgarantia, formapago) values (24, 14, 7, 2935, 137, '08/12/2020', 55, 'T');
insert into Servicios (idtecnico, idcliente, idtipo, importe, duracion, fecha, diasgarantia, formapago) values (43, 17, 9, 7883, 265, '02/04/2019', 126, 'T');
insert into Servicios (idtecnico, idcliente, idtipo, importe, duracion, fecha, diasgarantia, formapago) values (41, 71, 1, 7719, 162, '25/12/2019', 152, 'C');
insert into Servicios (idtecnico, idcliente, idtipo, importe, duracion, fecha, diasgarantia, formapago) values (6, 7, 1, 7923, 92, '08/12/2020', 121, 'T');
insert into Servicios (idtecnico, idcliente, idtipo, importe, duracion, fecha, diasgarantia, formapago) values (31, 14, 2, 6393, 34, '12/09/2020', 88, 'T');
insert into Servicios (idtecnico, idcliente, idtipo, importe, duracion, fecha, diasgarantia, formapago) values (1, 92, 4, 4855, 230, '17/12/2019', 94, 'E');
insert into Servicios (idtecnico, idcliente, idtipo, importe, duracion, fecha, diasgarantia, formapago) values (28, 46, 1, 3674, 332, '06/10/2020', 159, 'C');
insert into Servicios (idtecnico, idcliente, idtipo, importe, duracion, fecha, diasgarantia, formapago) values (35, 46, 6, 2856, 301, '21/10/2020', 54, 'E');
insert into Servicios (idtecnico, idcliente, idtipo, importe, duracion, fecha, diasgarantia, formapago) values (29, 40, 4, 7836, 159, '29/04/2020', 154, 'T');
insert into Servicios (idtecnico, idcliente, idtipo, importe, duracion, fecha, diasgarantia, formapago) values (1, 22, 9, 11060, 57, '11/02/2019', 47, 'T');
insert into Servicios (idtecnico, idcliente, idtipo, importe, duracion, fecha, diasgarantia, formapago) values (12, 24, 1, 7036, 275, '22/01/2020', 132, 'C');
insert into Servicios (idtecnico, idcliente, idtipo, importe, duracion, fecha, diasgarantia, formapago) values (16, 23, 7, 2672, 214, '24/11/2019', 94, 'C');
insert into Servicios (idtecnico, idcliente, idtipo, importe, duracion, fecha, diasgarantia, formapago) values (2, 21, 7, 11332, 307, '14/03/2019', 142, 'T');
insert into Servicios (idtecnico, idcliente, idtipo, importe, duracion, fecha, diasgarantia, formapago) values (27, 80, 1, 6493, 326, '02/07/2019', 157, 'E');
insert into Servicios (idtecnico, idcliente, idtipo, importe, duracion, fecha, diasgarantia, formapago) values (7, 9, 1, 8603, 205, '08/10/2020', 108, 'C');
insert into Servicios (idtecnico, idcliente, idtipo, importe, duracion, fecha, diasgarantia, formapago) values (26, 18, 5, 8629, 83, '15/05/2019', 122, 'T');
insert into Servicios (idtecnico, idcliente, idtipo, importe, duracion, fecha, diasgarantia, formapago) values (39, 68, 4, 7259, 315, '17/11/2019', 127, 'E');
insert into Servicios (idtecnico, idcliente, idtipo, importe, duracion, fecha, diasgarantia, formapago) values (21, 2, 5, 3248, 226, '14/10/2019', 70, 'T');
insert into Servicios (idtecnico, idcliente, idtipo, importe, duracion, fecha, diasgarantia, formapago) values (12, 36, 9, 6312, 99, '07/01/2020', 90, 'E');
insert into Servicios (idtecnico, idcliente, idtipo, importe, duracion, fecha, diasgarantia, formapago) values (28, 41, 1, 3668, 33, '24/12/2020', 40, 'T');
insert into Servicios (idtecnico, idcliente, idtipo, importe, duracion, fecha, diasgarantia, formapago) values (30, 59, 10, 7373, 328, '21/12/2020', 83, 'T');
insert into Servicios (idtecnico, idcliente, idtipo, importe, duracion, fecha, diasgarantia, formapago) values (39, 13, 6, 7486, 53, '18/06/2019', 85, 'T');
insert into Servicios (idtecnico, idcliente, idtipo, importe, duracion, fecha, diasgarantia, formapago) values (47, 20, 9, 10858, 74, '24/12/2020', 149, 'C');
insert into Servicios (idtecnico, idcliente, idtipo, importe, duracion, fecha, diasgarantia, formapago) values (40, 25, 9, 10478, 154, '21/04/2020', 85, 'T');
insert into Servicios (idtecnico, idcliente, idtipo, importe, duracion, fecha, diasgarantia, formapago) values (6, 82, 10, 7970, 61, '28/05/2019', 162, 'E');
insert into Servicios (idtecnico, idcliente, idtipo, importe, duracion, fecha, diasgarantia, formapago) values (36, 79, 10, 5825, 69, '03/06/2019', 69, 'T');
insert into Servicios (idtecnico, idcliente, idtipo, importe, duracion, fecha, diasgarantia, formapago) values (3, 2, 10, 3601, 117, '13/05/2020', 128, 'C');
insert into Servicios (idtecnico, idcliente, idtipo, importe, duracion, fecha, diasgarantia, formapago) values (9, 25, 1, 4617, 72, '11/05/2019', 137, 'T');
insert into Servicios (idtecnico, idcliente, idtipo, importe, duracion, fecha, diasgarantia, formapago) values (38, 21, 9, 3673, 232, '21/09/2020', 47, 'E');
insert into Servicios (idtecnico, idcliente, idtipo, importe, duracion, fecha, diasgarantia, formapago) values (20, 5, 5, 3436, 125, '08/03/2019', 176, 'C');
insert into Servicios (idtecnico, idcliente, idtipo, importe, duracion, fecha, diasgarantia, formapago) values (46, 44, 8, 11352, 340, '30/05/2019', 64, 'T');
insert into Servicios (idtecnico, idcliente, idtipo, importe, duracion, fecha, diasgarantia, formapago) values (42, 50, 9, 11398, 129, '22/03/2020', 125, 'C');
insert into Servicios (idtecnico, idcliente, idtipo, importe, duracion, fecha, diasgarantia, formapago) values (7, 46, 1, 11220, 358, '08/09/2019', 115, 'C');
insert into Servicios (idtecnico, idcliente, idtipo, importe, duracion, fecha, diasgarantia, formapago) values (50, 47, 10, 6448, 340, '30/09/2019', 80, 'C');
insert into Servicios (idtecnico, idcliente, idtipo, importe, duracion, fecha, diasgarantia, formapago) values (36, 53, 7, 10107, 195, '17/04/2020', 154, 'T');
insert into Servicios (idtecnico, idcliente, idtipo, importe, duracion, fecha, diasgarantia, formapago) values (11, 79, 2, 3904, 27, '03/04/2020', 122, 'C');
insert into Servicios (idtecnico, idcliente, idtipo, importe, duracion, fecha, diasgarantia, formapago) values (17, 51, 5, 3388, 82, '22/05/2019', 110, 'T');
insert into Servicios (idtecnico, idcliente, idtipo, importe, duracion, fecha, diasgarantia, formapago) values (8, 89, 8, 6569, 334, '30/06/2019', 140, 'E');
insert into Servicios (idtecnico, idcliente, idtipo, importe, duracion, fecha, diasgarantia, formapago) values (42, 89, 9, 4711, 299, '11/01/2020', 168, 'C');
insert into Servicios (idtecnico, idcliente, idtipo, importe, duracion, fecha, diasgarantia, formapago) values (8, 59, 10, 4154, 240, '02/03/2019', 133, 'T');
insert into Servicios (idtecnico, idcliente, idtipo, importe, duracion, fecha, diasgarantia, formapago) values (9, 57, 3, 8334, 200, '30/12/2019', 175, 'C');
insert into Servicios (idtecnico, idcliente, idtipo, importe, duracion, fecha, diasgarantia, formapago) values (20, 19, 6, 9025, 268, '08/01/2020', 80, 'C');
insert into Servicios (idtecnico, idcliente, idtipo, importe, duracion, fecha, diasgarantia, formapago) values (10, 19, 3, 7596, 34, '02/04/2019', 140, 'E');
insert into Servicios (idtecnico, idcliente, idtipo, importe, duracion, fecha, diasgarantia, formapago) values (39, 14, 4, 3611, 85, '11/07/2020', 77, 'C');
insert into Servicios (idtecnico, idcliente, idtipo, importe, duracion, fecha, diasgarantia, formapago) values (41, 43, 10, 5901, 240, '16/07/2019', 77, 'T');
insert into Servicios (idtecnico, idcliente, idtipo, importe, duracion, fecha, diasgarantia, formapago) values (50, 41, 10, 10898, 313, '09/07/2019', 141, 'E');
insert into Servicios (idtecnico, idcliente, idtipo, importe, duracion, fecha, diasgarantia, formapago) values (38, 36, 10, 6195, 84, '17/01/2019', 109, 'C');
insert into Servicios (idtecnico, idcliente, idtipo, importe, duracion, fecha, diasgarantia, formapago) values (12, 26, 3, 9697, 243, '13/10/2020', 166, 'C');
insert into Servicios (idtecnico, idcliente, idtipo, importe, duracion, fecha, diasgarantia, formapago) values (45, 51, 5, 5168, 347, '03/12/2019', 90, 'E');
insert into Servicios (idtecnico, idcliente, idtipo, importe, duracion, fecha, diasgarantia, formapago) values (17, 20, 3, 3214, 321, '22/02/2019', 118, 'E');
insert into Servicios (idtecnico, idcliente, idtipo, importe, duracion, fecha, diasgarantia, formapago) values (11, 1, 5, 4688, 120, '25/04/2020', 144, 'E');
insert into Servicios (idtecnico, idcliente, idtipo, importe, duracion, fecha, diasgarantia, formapago) values (16, 36, 8, 3808, 252, '11/12/2019', 59, 'C');
insert into Servicios (idtecnico, idcliente, idtipo, importe, duracion, fecha, diasgarantia, formapago) values (40, 73, 10, 8246, 291, '09/02/2020', 104, 'T');
insert into Servicios (idtecnico, idcliente, idtipo, importe, duracion, fecha, diasgarantia, formapago) values (9, 3, 1, 11822, 40, '30/03/2020', 113, 'C');
insert into Servicios (idtecnico, idcliente, idtipo, importe, duracion, fecha, diasgarantia, formapago) values (2, 69, 9, 9443, 332, '25/09/2020', 47, 'E');
insert into Servicios (idtecnico, idcliente, idtipo, importe, duracion, fecha, diasgarantia, formapago) values (36, 40, 9, 4908, 312, '16/09/2020', 157, 'E');
insert into Servicios (idtecnico, idcliente, idtipo, importe, duracion, fecha, diasgarantia, formapago) values (25, 60, 2, 4109, 189, '06/09/2020', 146, 'T');
insert into Servicios (idtecnico, idcliente, idtipo, importe, duracion, fecha, diasgarantia, formapago) values (48, 29, 2, 5976, 285, '01/08/2020', 105, 'C');
insert into Servicios (idtecnico, idcliente, idtipo, importe, duracion, fecha, diasgarantia, formapago) values (32, 1, 1, 8415, 151, '13/09/2019', 154, 'C');
insert into Servicios (idtecnico, idcliente, idtipo, importe, duracion, fecha, diasgarantia, formapago) values (5, 31, 2, 5811, 27, '18/10/2020', 89, 'T');
insert into Servicios (idtecnico, idcliente, idtipo, importe, duracion, fecha, diasgarantia, formapago) values (39, 44, 10, 6838, 293, '14/08/2020', 155, 'C');
insert into Servicios (idtecnico, idcliente, idtipo, importe, duracion, fecha, diasgarantia, formapago) values (39, 98, 1, 3048, 53, '27/10/2019', 63, 'C');
insert into Servicios (idtecnico, idcliente, idtipo, importe, duracion, fecha, diasgarantia, formapago) values (3, 28, 2, 11318, 105, '09/01/2020', 161, 'C');
insert into Servicios (idtecnico, idcliente, idtipo, importe, duracion, fecha, diasgarantia, formapago) values (14, 57, 1, 8081, 174, '15/09/2020', 35, 'C');
insert into Servicios (idtecnico, idcliente, idtipo, importe, duracion, fecha, diasgarantia, formapago) values (10, 37, 8, 8063, 170, '07/06/2019', 149, 'C');
insert into Servicios (idtecnico, idcliente, idtipo, importe, duracion, fecha, diasgarantia, formapago) values (2, 67, 2, 3940, 264, '06/09/2020', 174, 'E');
insert into Servicios (idtecnico, idcliente, idtipo, importe, duracion, fecha, diasgarantia, formapago) values (21, 9, 9, 7621, 89, '30/07/2019', 30, 'E');
insert into Servicios (idtecnico, idcliente, idtipo, importe, duracion, fecha, diasgarantia, formapago) values (41, 42, 10, 8009, 166, '07/04/2020', 148, 'T');
insert into Servicios (idtecnico, idcliente, idtipo, importe, duracion, fecha, diasgarantia, formapago) values (29, 30, 3, 11638, 309, '27/04/2020', 92, 'T');
insert into Servicios (idtecnico, idcliente, idtipo, importe, duracion, fecha, diasgarantia, formapago) values (45, 53, 5, 4448, 218, '04/01/2020', 50, 'C');
insert into Servicios (idtecnico, idcliente, idtipo, importe, duracion, fecha, diasgarantia, formapago) values (36, 64, 7, 9327, 225, '13/09/2020', 66, 'E');
insert into Servicios (idtecnico, idcliente, idtipo, importe, duracion, fecha, diasgarantia, formapago) values (45, 36, 5, 3308, 283, '06/06/2019', 62, 'T');
insert into Servicios (idtecnico, idcliente, idtipo, importe, duracion, fecha, diasgarantia, formapago) values (34, 80, 4, 11377, 108, '01/06/2020', 113, 'E');
insert into Servicios (idtecnico, idcliente, idtipo, importe, duracion, fecha, diasgarantia, formapago) values (48, 97, 10, 6970, 79, '27/03/2019', 68, 'C');
insert into Servicios (idtecnico, idcliente, idtipo, importe, duracion, fecha, diasgarantia, formapago) values (41, 69, 9, 5262, 315, '14/10/2019', 134, 'C');
insert into Servicios (idtecnico, idcliente, idtipo, importe, duracion, fecha, diasgarantia, formapago) values (19, 70, 4, 3495, 29, '11/04/2019', 116, 'C');
insert into Servicios (idtecnico, idcliente, idtipo, importe, duracion, fecha, diasgarantia, formapago) values (6, 64, 4, 10038, 292, '09/11/2020', 96, 'T');
insert into Servicios (idtecnico, idcliente, idtipo, importe, duracion, fecha, diasgarantia, formapago) values (12, 70, 2, 11074, 210, '09/01/2020', 159, 'C');
insert into Servicios (idtecnico, idcliente, idtipo, importe, duracion, fecha, diasgarantia, formapago) values (10, 44, 1, 6571, 109, '19/11/2020', 134, 'T');
insert into Servicios (idtecnico, idcliente, idtipo, importe, duracion, fecha, diasgarantia, formapago) values (21, 73, 9, 10134, 168, '14/06/2020', 107, 'E');
insert into Servicios (idtecnico, idcliente, idtipo, importe, duracion, fecha, diasgarantia, formapago) values (20, 62, 4, 2631, 234, '02/02/2019', 156, 'T');
insert into Servicios (idtecnico, idcliente, idtipo, importe, duracion, fecha, diasgarantia, formapago) values (25, 53, 8, 9686, 163, '22/03/2020', 148, 'T');
insert into Servicios (idtecnico, idcliente, idtipo, importe, duracion, fecha, diasgarantia, formapago) values (50, 6, 4, 4772, 263, '10/02/2019', 115, 'C');
insert into Servicios (idtecnico, idcliente, idtipo, importe, duracion, fecha, diasgarantia, formapago) values (15, 37, 7, 3229, 277, '02/06/2020', 68, 'E');
insert into Servicios (idtecnico, idcliente, idtipo, importe, duracion, fecha, diasgarantia, formapago) values (28, 60, 6, 9457, 114, '08/08/2019', 172, 'E');
insert into Servicios (idtecnico, idcliente, idtipo, importe, duracion, fecha, diasgarantia, formapago) values (28, 46, 5, 10913, 82, '11/03/2020', 50, 'E');
insert into Servicios (idtecnico, idcliente, idtipo, importe, duracion, fecha, diasgarantia, formapago) values (22, 44, 5, 10629, 353, '24/06/2020', 170, 'C');
insert into Servicios (idtecnico, idcliente, idtipo, importe, duracion, fecha, diasgarantia, formapago) values (39, 14, 6, 5675, 328, '12/10/2019', 88, 'T');
insert into Servicios (idtecnico, idcliente, idtipo, importe, duracion, fecha, diasgarantia, formapago) values (9, 82, 5, 2826, 353, '10/02/2019', 77, 'E');
insert into Servicios (idtecnico, idcliente, idtipo, importe, duracion, fecha, diasgarantia, formapago) values (20, 68, 1, 4002, 205, '14/04/2019', 147, 'T');
insert into Servicios (idtecnico, idcliente, idtipo, importe, duracion, fecha, diasgarantia, formapago) values (25, 82, 3, 5628, 163, '16/02/2020', 136, 'T');
insert into Servicios (idtecnico, idcliente, idtipo, importe, duracion, fecha, diasgarantia, formapago) values (20, 29, 7, 4825, 249, '23/03/2020', 100, 'T');
insert into Servicios (idtecnico, idcliente, idtipo, importe, duracion, fecha, diasgarantia, formapago) values (43, 32, 2, 3488, 271, '15/07/2020', 170, 'C');
insert into Servicios (idtecnico, idcliente, idtipo, importe, duracion, fecha, diasgarantia, formapago) values (40, 19, 7, 2630, 350, '19/05/2020', 45, 'T');
insert into Servicios (idtecnico, idcliente, idtipo, importe, duracion, fecha, diasgarantia, formapago) values (15, 98, 7, 10107, 172, '30/10/2019', 115, 'T');
insert into Servicios (idtecnico, idcliente, idtipo, importe, duracion, fecha, diasgarantia, formapago) values (8, 79, 3, 9417, 297, '11/06/2020', 138, 'T');
insert into Servicios (idtecnico, idcliente, idtipo, importe, duracion, fecha, diasgarantia, formapago) values (27, 93, 10, 10358, 267, '29/01/2020', 87, 'T');
insert into Servicios (idtecnico, idcliente, idtipo, importe, duracion, fecha, diasgarantia, formapago) values (33, 48, 9, 4810, 261, '17/01/2019', 69, 'E');
insert into Servicios (idtecnico, idcliente, idtipo, importe, duracion, fecha, diasgarantia, formapago) values (29, 39, 6, 6214, 249, '31/05/2019', 48, 'C');
insert into Servicios (idtecnico, idcliente, idtipo, importe, duracion, fecha, diasgarantia, formapago) values (21, 18, 10, 8882, 248, '14/08/2020', 136, 'E');
insert into Servicios (idtecnico, idcliente, idtipo, importe, duracion, fecha, diasgarantia, formapago) values (15, 66, 1, 3910, 318, '24/03/2019', 165, 'C');
insert into Servicios (idtecnico, idcliente, idtipo, importe, duracion, fecha, diasgarantia, formapago) values (12, 68, 5, 11221, 247, '19/09/2020', 66, 'T');
insert into Servicios (idtecnico, idcliente, idtipo, importe, duracion, fecha, diasgarantia, formapago) values (35, 42, 2, 11207, 283, '10/01/2019', 84, 'E');
insert into Servicios (idtecnico, idcliente, idtipo, importe, duracion, fecha, diasgarantia, formapago) values (13, 33, 8, 6797, 165, '14/05/2019', 155, 'E');
insert into Servicios (idtecnico, idcliente, idtipo, importe, duracion, fecha, diasgarantia, formapago) values (23, 91, 9, 8443, 355, '15/09/2020', 118, 'C');
insert into Servicios (idtecnico, idcliente, idtipo, importe, duracion, fecha, diasgarantia, formapago) values (19, 72, 8, 6179, 349, '23/03/2019', 52, 'E');
insert into Servicios (idtecnico, idcliente, idtipo, importe, duracion, fecha, diasgarantia, formapago) values (38, 77, 10, 9060, 358, '12/09/2020', 55, 'T');
insert into Servicios (idtecnico, idcliente, idtipo, importe, duracion, fecha, diasgarantia, formapago) values (28, 74, 5, 4997, 196, '30/03/2020', 31, 'T');
insert into Servicios (idtecnico, idcliente, idtipo, importe, duracion, fecha, diasgarantia, formapago) values (44, 51, 10, 9169, 176, '21/09/2019', 108, 'C');
insert into Servicios (idtecnico, idcliente, idtipo, importe, duracion, fecha, diasgarantia, formapago) values (2, 39, 10, 5966, 333, '21/04/2020', 39, 'T');
insert into Servicios (idtecnico, idcliente, idtipo, importe, duracion, fecha, diasgarantia, formapago) values (49, 81, 5, 6044, 28, '09/04/2019', 82, 'E');
insert into Servicios (idtecnico, idcliente, idtipo, importe, duracion, fecha, diasgarantia, formapago) values (18, 70, 8, 10370, 120, '02/02/2020', 129, 'E');
insert into Servicios (idtecnico, idcliente, idtipo, importe, duracion, fecha, diasgarantia, formapago) values (37, 31, 1, 3443, 130, '29/11/2020', 125, 'T');
insert into Servicios (idtecnico, idcliente, idtipo, importe, duracion, fecha, diasgarantia, formapago) values (5, 62, 1, 10114, 280, '08/11/2019', 75, 'T');
insert into Servicios (idtecnico, idcliente, idtipo, importe, duracion, fecha, diasgarantia, formapago) values (2, 22, 2, 2987, 173, '23/05/2020', 151, 'T');
insert into Servicios (idtecnico, idcliente, idtipo, importe, duracion, fecha, diasgarantia, formapago) values (39, 47, 8, 6274, 334, '10/09/2020', 34, 'T');
insert into Servicios (idtecnico, idcliente, idtipo, importe, duracion, fecha, diasgarantia, formapago) values (29, 6, 7, 10379, 75, '23/07/2019', 132, 'C');
insert into Servicios (idtecnico, idcliente, idtipo, importe, duracion, fecha, diasgarantia, formapago) values (8, 2, 1, 6211, 132, '10/02/2019', 38, 'B');
insert into Servicios (idtecnico, idcliente, idtipo, importe, duracion, fecha, diasgarantia, formapago) values (28, 63, 9, 8131, 346, '21/01/2019', 59, 'C');
insert into Servicios (idtecnico, idcliente, idtipo, importe, duracion, fecha, diasgarantia, formapago) values (45, 4, 8, 9240, 91, '18/05/2019', 108, 'T');
insert into Servicios (idtecnico, idcliente, idtipo, importe, duracion, fecha, diasgarantia, formapago) values (28, 74, 4, 8518, 252, '10/10/2020', 32, 'E');
insert into Servicios (idtecnico, idcliente, idtipo, importe, duracion, fecha, diasgarantia, formapago) values (15, 32, 8, 8366, 195, '20/12/2019', 38, 'T');
insert into Servicios (idtecnico, idcliente, idtipo, importe, duracion, fecha, diasgarantia, formapago) values (34, 61, 9, 4891, 149, '30/08/2020', 179, 'E');
insert into Servicios (idtecnico, idcliente, idtipo, importe, duracion, fecha, diasgarantia, formapago) values (2, 72, 7, 2657, 231, '13/02/2019', 84, 'T');
insert into Servicios (idtecnico, idcliente, idtipo, importe, duracion, fecha, diasgarantia, formapago) values (2, 20, 6, 4554, 32, '02/08/2019', 58, 'E');
insert into Servicios (idtecnico, idcliente, idtipo, importe, duracion, fecha, diasgarantia, formapago) values (39, 57, 8, 2708, 250, '17/02/2019', 39, 'C');
insert into Servicios (idtecnico, idcliente, idtipo, importe, duracion, fecha, diasgarantia, formapago) values (50, 86, 10, 3349, 173, '17/02/2019', 76, 'E');
insert into Servicios (idtecnico, idcliente, idtipo, importe, duracion, fecha, diasgarantia, formapago) values (14, 49, 8, 7127, 95, '24/01/2019', 52, 'T');
insert into Servicios (idtecnico, idcliente, idtipo, importe, duracion, fecha, diasgarantia, formapago) values (35, 26, 2, 11815, 289, '01/06/2019', 96, 'E');
insert into Servicios (idtecnico, idcliente, idtipo, importe, duracion, fecha, diasgarantia, formapago) values (20, 97, 6, 11591, 262, '02/02/2020', 40, 'E');
insert into Servicios (idtecnico, idcliente, idtipo, importe, duracion, fecha, diasgarantia, formapago) values (45, 3, 6, 7284, 51, '26/07/2019', 52, 'T');
insert into Servicios (idtecnico, idcliente, idtipo, importe, duracion, fecha, diasgarantia, formapago) values (34, 44, 5, 5226, 267, '25/09/2020', 58, 'E');
insert into Servicios (idtecnico, idcliente, idtipo, importe, duracion, fecha, diasgarantia, formapago) values (35, 69, 8, 11038, 178, '29/09/2019', 109, 'T');
insert into Servicios (idtecnico, idcliente, idtipo, importe, duracion, fecha, diasgarantia, formapago) values (43, 73, 2, 9541, 317, '14/09/2019', 176, 'C');
insert into Servicios (idtecnico, idcliente, idtipo, importe, duracion, fecha, diasgarantia, formapago) values (35, 95, 3, 10047, 127, '22/08/2019', 130, 'E');
insert into Servicios (idtecnico, idcliente, idtipo, importe, duracion, fecha, diasgarantia, formapago) values (21, 87, 6, 11580, 327, '11/10/2019', 61, 'E');
insert into Servicios (idtecnico, idcliente, idtipo, importe, duracion, fecha, diasgarantia, formapago) values (37, 40, 6, 7226, 356, '22/11/2020', 68, 'E');
insert into Servicios (idtecnico, idcliente, idtipo, importe, duracion, fecha, diasgarantia, formapago) values (45, 85, 5, 8026, 33, '29/08/2019', 45, 'E');
insert into Servicios (idtecnico, idcliente, idtipo, importe, duracion, fecha, diasgarantia, formapago) values (44, 26, 5, 10397, 102, '04/12/2019', 122, 'T');
insert into Servicios (idtecnico, idcliente, idtipo, importe, duracion, fecha, diasgarantia, formapago) values (3, 32, 8, 9210, 242, '19/06/2019', 125, 'E');
insert into Servicios (idtecnico, idcliente, idtipo, importe, duracion, fecha, diasgarantia, formapago) values (23, 99, 4, 11913, 192, '27/12/2019', 123, 'E');
insert into Servicios (idtecnico, idcliente, idtipo, importe, duracion, fecha, diasgarantia, formapago) values (47, 32, 6, 11428, 241, '18/04/2020', 48, 'T');
insert into Servicios (idtecnico, idcliente, idtipo, importe, duracion, fecha, diasgarantia, formapago) values (14, 55, 7, 2924, 313, '04/02/2019', 170, 'C');
insert into Servicios (idtecnico, idcliente, idtipo, importe, duracion, fecha, diasgarantia, formapago) values (30, 41, 9, 11191, 127, '01/10/2020', 171, 'E');
insert into Servicios (idtecnico, idcliente, idtipo, importe, duracion, fecha, diasgarantia, formapago) values (4, 99, 1, 2738, 151, '06/12/2020', 50, 'T');
insert into Servicios (idtecnico, idcliente, idtipo, importe, duracion, fecha, diasgarantia, formapago) values (5, 96, 3, 10299, 218, '25/12/2019', 116, 'T');
insert into Servicios (idtecnico, idcliente, idtipo, importe, duracion, fecha, diasgarantia, formapago) values (10, 96, 8, 3153, 36, '18/05/2020', 92, 'E');
insert into Servicios (idtecnico, idcliente, idtipo, importe, duracion, fecha, diasgarantia, formapago) values (1, 60, 2, 4938, 148, '30/04/2020', 127, 'E');
insert into Servicios (idtecnico, idcliente, idtipo, importe, duracion, fecha, diasgarantia, formapago) values (49, 4, 6, 4440, 228, '17/12/2020', 51, 'C');
insert into Servicios (idtecnico, idcliente, idtipo, importe, duracion, fecha, diasgarantia, formapago) values (32, 51, 6, 3703, 249, '09/12/2020', 158, 'C');
insert into Servicios (idtecnico, idcliente, idtipo, importe, duracion, fecha, diasgarantia, formapago) values (26, 71, 6, 7123, 345, '03/02/2019', 41, 'E');
insert into Servicios (idtecnico, idcliente, idtipo, importe, duracion, fecha, diasgarantia, formapago) values (27, 53, 3, 11426, 30, '28/07/2020', 118, 'C');
insert into Servicios (idtecnico, idcliente, idtipo, importe, duracion, fecha, diasgarantia, formapago) values (20, 20, 3, 11762, 342, '16/09/2019', 138, 'C');
insert into Servicios (idtecnico, idcliente, idtipo, importe, duracion, fecha, diasgarantia, formapago) values (40, 38, 8, 5470, 358, '13/09/2020', 94, 'T');
insert into Servicios (idtecnico, idcliente, idtipo, importe, duracion, fecha, diasgarantia, formapago) values (41, 49, 10, 5245, 114, '23/03/2020', 100, 'E');
insert into Servicios (idtecnico, idcliente, idtipo, importe, duracion, fecha, diasgarantia, formapago) values (39, 100, 6, 7022, 160, '15/07/2020', 142, 'C');
insert into Servicios (idtecnico, idcliente, idtipo, importe, duracion, fecha, diasgarantia, formapago) values (19, 95, 8, 3587, 248, '28/08/2020', 147, 'C');
insert into Servicios (idtecnico, idcliente, idtipo, importe, duracion, fecha, diasgarantia, formapago) values (10, 36, 4, 6738, 83, '19/09/2020', 47, 'E');
insert into Servicios (idtecnico, idcliente, idtipo, importe, duracion, fecha, diasgarantia, formapago) values (24, 91, 2, 5264, 315, '02/03/2020', 145, 'C');
insert into Servicios (idtecnico, idcliente, idtipo, importe, duracion, fecha, diasgarantia, formapago) values (11, 14, 8, 11966, 124, '22/09/2019', 77, 'C');
insert into Servicios (idtecnico, idcliente, idtipo, importe, duracion, fecha, diasgarantia, formapago) values (4, 7, 9, 5170, 209, '06/01/2019', 145, 'E');
insert into Servicios (idtecnico, idcliente, idtipo, importe, duracion, fecha, diasgarantia, formapago) values (15, 55, 6, 3847, 296, '22/08/2020', 165, 'T');
insert into Servicios (idtecnico, idcliente, idtipo, importe, duracion, fecha, diasgarantia, formapago) values (18, 52, 4, 5888, 139, '27/12/2019', 87, 'C');
insert into Servicios (idtecnico, idcliente, idtipo, importe, duracion, fecha, diasgarantia, formapago) values (24, 100, 8, 9681, 182, '10/10/2019', 77, 'T');
insert into Servicios (idtecnico, idcliente, idtipo, importe, duracion, fecha, diasgarantia, formapago) values (8, 92, 9, 8117, 285, '14/10/2019', 138, 'T');
insert into Servicios (idtecnico, idcliente, idtipo, importe, duracion, fecha, diasgarantia, formapago) values (17, 28, 10, 6669, 360, '03/01/2020', 61, 'C');
insert into Servicios (idtecnico, idcliente, idtipo, importe, duracion, fecha, diasgarantia, formapago) values (23, 11, 2, 4463, 195, '09/02/2020', 42, 'C');
insert into Servicios (idtecnico, idcliente, idtipo, importe, duracion, fecha, diasgarantia, formapago) values (34, 66, 4, 5100, 197, '09/06/2020', 132, 'E');
insert into Servicios (idtecnico, idcliente, idtipo, importe, duracion, fecha, diasgarantia, formapago) values (28, 23, 1, 5683, 118, '29/10/2020', 58, 'T');
insert into Servicios (idtecnico, idcliente, idtipo, importe, duracion, fecha, diasgarantia, formapago) values (23, 57, 2, 9772, 35, '14/01/2020', 133, 'T');
insert into Servicios (idtecnico, idcliente, idtipo, importe, duracion, fecha, diasgarantia, formapago) values (6, 13, 1, 2666, 279, '11/11/2020', 71, 'E');
insert into Servicios (idtecnico, idcliente, idtipo, importe, duracion, fecha, diasgarantia, formapago) values (21, 1, 9, 3575, 126, '09/06/2020', 94, 'E');
insert into Servicios (idtecnico, idcliente, idtipo, importe, duracion, fecha, diasgarantia, formapago) values (16, 11, 8, 4022, 297, '10/03/2020', 61, 'T');
insert into Servicios (idtecnico, idcliente, idtipo, importe, duracion, fecha, diasgarantia, formapago) values (12, 97, 5, 7054, 81, '02/02/2020', 173, 'E');
insert into Servicios (idtecnico, idcliente, idtipo, importe, duracion, fecha, diasgarantia, formapago) values (39, 94, 3, 6748, 344, '25/01/2020', 86, 'E');
insert into Servicios (idtecnico, idcliente, idtipo, importe, duracion, fecha, diasgarantia, formapago) values (33, 50, 5, 8531, 165, '28/09/2019', 110, 'T');
insert into Servicios (idtecnico, idcliente, idtipo, importe, duracion, fecha, diasgarantia, formapago) values (34, 40, 6, 3613, 185, '05/10/2019', 45, 'E');
insert into Servicios (idtecnico, idcliente, idtipo, importe, duracion, fecha, diasgarantia, formapago) values (49, 36, 8, 11450, 84, '01/03/2019', 95, 'T');
insert into Servicios (idtecnico, idcliente, idtipo, importe, duracion, fecha, diasgarantia, formapago) values (26, 17, 8, 3607, 270, '28/05/2020', 161, 'C');
insert into Servicios (idtecnico, idcliente, idtipo, importe, duracion, fecha, diasgarantia, formapago) values (45, 14, 5, 8221, 262, '11/04/2020', 42, 'C');
insert into Servicios (idtecnico, idcliente, idtipo, importe, duracion, fecha, diasgarantia, formapago) values (48, 91, 3, 6382, 261, '23/07/2020', 67, 'E');
insert into Servicios (idtecnico, idcliente, idtipo, importe, duracion, fecha, diasgarantia, formapago) values (40, 89, 1, 9784, 271, '27/08/2019', 167, 'E');
insert into Servicios (idtecnico, idcliente, idtipo, importe, duracion, fecha, diasgarantia, formapago) values (45, 17, 9, 11508, 99, '17/07/2019', 47, 'C');
insert into Servicios (idtecnico, idcliente, idtipo, importe, duracion, fecha, diasgarantia, formapago) values (19, 64, 2, 8019, 257, '03/03/2019', 89, 'C');
insert into Servicios (idtecnico, idcliente, idtipo, importe, duracion, fecha, diasgarantia, formapago) values (30, 33, 1, 11445, 306, '12/02/2020', 99, 'T');
insert into Servicios (idtecnico, idcliente, idtipo, importe, duracion, fecha, diasgarantia, formapago) values (35, 41, 10, 9864, 27, '12/08/2019', 89, 'E');
insert into Servicios (idtecnico, idcliente, idtipo, importe, duracion, fecha, diasgarantia, formapago) values (37, 53, 9, 9424, 254, '20/07/2019', 112, 'T');
insert into Servicios (idtecnico, idcliente, idtipo, importe, duracion, fecha, diasgarantia, formapago) values (41, 71, 10, 6120, 295, '23/06/2019', 133, 'E');
insert into Servicios (idtecnico, idcliente, idtipo, importe, duracion, fecha, diasgarantia, formapago) values (21, 26, 4, 6195, 194, '26/05/2019', 35, 'E');
insert into Servicios (idtecnico, idcliente, idtipo, importe, duracion, fecha, diasgarantia, formapago) values (26, 29, 7, 9844, 234, '06/06/2020', 82, 'C');
insert into Servicios (idtecnico, idcliente, idtipo, importe, duracion, fecha, diasgarantia, formapago) values (50, 26, 1, 4957, 237, '11/07/2020', 154, 'E');
insert into Servicios (idtecnico, idcliente, idtipo, importe, duracion, fecha, diasgarantia, formapago) values (33, 91, 8, 2705, 113, '24/09/2019', 106, 'C');
insert into Servicios (idtecnico, idcliente, idtipo, importe, duracion, fecha, diasgarantia, formapago) values (26, 58, 1, 3691, 190, '27/06/2019', 108, 'T');
insert into Servicios (idtecnico, idcliente, idtipo, importe, duracion, fecha, diasgarantia, formapago) values (9, 60, 5, 5955, 63, '16/02/2020', 34, 'C');
insert into Servicios (idtecnico, idcliente, idtipo, importe, duracion, fecha, diasgarantia, formapago) values (17, 38, 7, 2642, 129, '24/06/2020', 105, 'E');
insert into Servicios (idtecnico, idcliente, idtipo, importe, duracion, fecha, diasgarantia, formapago) values (24, 45, 8, 6164, 90, '09/10/2020', 108, 'C');
insert into Servicios (idtecnico, idcliente, idtipo, importe, duracion, fecha, diasgarantia, formapago) values (1, 76, 7, 10180, 327, '26/04/2020', 85, 'E');
insert into Servicios (idtecnico, idcliente, idtipo, importe, duracion, fecha, diasgarantia, formapago) values (2, 32, 5, 7224, 289, '15/10/2019', 149, 'E');
insert into Servicios (idtecnico, idcliente, idtipo, importe, duracion, fecha, diasgarantia, formapago) values (21, 42, 3, 3657, 56, '13/09/2019', 111, 'T');
insert into Servicios (idtecnico, idcliente, idtipo, importe, duracion, fecha, diasgarantia, formapago) values (17, 83, 3, 3339, 113, '25/03/2019', 87, 'T');
insert into Servicios (idtecnico, idcliente, idtipo, importe, duracion, fecha, diasgarantia, formapago) values (10, 66, 10, 9559, 185, '08/11/2019', 103, 'C');
insert into Servicios (idtecnico, idcliente, idtipo, importe, duracion, fecha, diasgarantia, formapago) values (18, 26, 10, 7659, 320, '18/08/2020', 158, 'C');
insert into Servicios (idtecnico, idcliente, idtipo, importe, duracion, fecha, diasgarantia, formapago) values (24, 30, 1, 8635, 30, '20/02/2019', 128, 'T');
insert into Servicios (idtecnico, idcliente, idtipo, importe, duracion, fecha, diasgarantia, formapago) values (41, 94, 2, 2559, 307, '31/10/2020', 127, 'T');
insert into Servicios (idtecnico, idcliente, idtipo, importe, duracion, fecha, diasgarantia, formapago) values (4, 51, 10, 2828, 57, '03/01/2019', 150, 'T');
insert into Servicios (idtecnico, idcliente, idtipo, importe, duracion, fecha, diasgarantia, formapago) values (47, 53, 4, 3499, 226, '17/05/2020', 106, 'T');
insert into Servicios (idtecnico, idcliente, idtipo, importe, duracion, fecha, diasgarantia, formapago) values (41, 42, 9, 6149, 156, '13/02/2019', 163, 'T');
insert into Servicios (idtecnico, idcliente, idtipo, importe, duracion, fecha, diasgarantia, formapago) values (15, 44, 2, 8764, 310, '23/06/2019', 36, 'C');
insert into Servicios (idtecnico, idcliente, idtipo, importe, duracion, fecha, diasgarantia, formapago) values (43, 64, 10, 5405, 215, '17/05/2019', 135, 'E');
insert into Servicios (idtecnico, idcliente, idtipo, importe, duracion, fecha, diasgarantia, formapago) values (27, 54, 4, 9357, 93, '01/06/2019', 87, 'T');
insert into Servicios (idtecnico, idcliente, idtipo, importe, duracion, fecha, diasgarantia, formapago) values (17, 90, 10, 5893, 131, '06/10/2020', 155, 'C');
insert into Servicios (idtecnico, idcliente, idtipo, importe, duracion, fecha, diasgarantia, formapago) values (12, 4, 8, 10019, 280, '29/01/2020', 160, 'T');
insert into Servicios (idtecnico, idcliente, idtipo, importe, duracion, fecha, diasgarantia, formapago) values (27, 14, 3, 6733, 118, '26/09/2020', 170, 'T');
insert into Servicios (idtecnico, idcliente, idtipo, importe, duracion, fecha, diasgarantia, formapago) values (15, 63, 9, 8930, 250, '18/02/2020', 121, 'T');
insert into Servicios (idtecnico, idcliente, idtipo, importe, duracion, fecha, diasgarantia, formapago) values (36, 62, 2, 9882, 260, '15/04/2019', 67, 'T');
insert into Servicios (idtecnico, idcliente, idtipo, importe, duracion, fecha, diasgarantia, formapago) values (6, 71, 6, 5781, 303, '14/05/2020', 75, 'C');
insert into Servicios (idtecnico, idcliente, idtipo, importe, duracion, fecha, diasgarantia, formapago) values (42, 88, 3, 9501, 268, '30/12/2019', 59, 'C');
insert into Servicios (idtecnico, idcliente, idtipo, importe, duracion, fecha, diasgarantia, formapago) values (18, 35, 8, 9674, 111, '09/09/2020', 149, 'E');
insert into Servicios (idtecnico, idcliente, idtipo, importe, duracion, fecha, diasgarantia, formapago) values (23, 16, 5, 11387, 309, '28/11/2019', 148, 'T');
insert into Servicios (idtecnico, idcliente, idtipo, importe, duracion, fecha, diasgarantia, formapago) values (27, 14, 8, 10723, 88, '01/09/2020', 123, 'T');
insert into Servicios (idtecnico, idcliente, idtipo, importe, duracion, fecha, diasgarantia, formapago) values (23, 6, 8, 4925, 359, '09/11/2020', 38, 'E');
insert into Servicios (idtecnico, idcliente, idtipo, importe, duracion, fecha, diasgarantia, formapago) values (35, 79, 7, 7590, 236, '17/11/2020', 77, 'E');
insert into Servicios (idtecnico, idcliente, idtipo, importe, duracion, fecha, diasgarantia, formapago) values (48, 70, 9, 4455, 88, '14/08/2020', 121, 'T');
insert into Servicios (idtecnico, idcliente, idtipo, importe, duracion, fecha, diasgarantia, formapago) values (14, 74, 4, 5336, 73, '08/06/2020', 30, 'C');
insert into Servicios (idtecnico, idcliente, idtipo, importe, duracion, fecha, diasgarantia, formapago) values (43, 62, 5, 7118, 59, '02/04/2020', 59, 'T');
insert into Servicios (idtecnico, idcliente, idtipo, importe, duracion, fecha, diasgarantia, formapago) values (16, 25, 4, 5712, 167, '15/09/2020', 62, 'T');
insert into Servicios (idtecnico, idcliente, idtipo, importe, duracion, fecha, diasgarantia, formapago) values (10, 16, 1, 9686, 218, '18/11/2019', 102, 'T');
insert into Servicios (idtecnico, idcliente, idtipo, importe, duracion, fecha, diasgarantia, formapago) values (29, 42, 9, 9006, 308, '02/06/2020', 116, 'E');
insert into Servicios (idtecnico, idcliente, idtipo, importe, duracion, fecha, diasgarantia, formapago) values (49, 76, 8, 2845, 123, '02/11/2020', 49, 'T');
insert into Servicios (idtecnico, idcliente, idtipo, importe, duracion, fecha, diasgarantia, formapago) values (48, 18, 7, 9893, 251, '27/10/2020', 50, 'T');
insert into Servicios (idtecnico, idcliente, idtipo, importe, duracion, fecha, diasgarantia, formapago) values (8, 72, 4, 2786, 247, '25/12/2020', 159, 'C');
insert into Servicios (idtecnico, idcliente, idtipo, importe, duracion, fecha, diasgarantia, formapago) values (46, 82, 4, 5839, 158, '27/11/2019', 50, 'C');
insert into Servicios (idtecnico, idcliente, idtipo, importe, duracion, fecha, diasgarantia, formapago) values (30, 35, 6, 5257, 217, '03/05/2020', 48, 'C');
insert into Servicios (idtecnico, idcliente, idtipo, importe, duracion, fecha, diasgarantia, formapago) values (23, 49, 7, 5980, 360, '03/04/2020', 54, 'T');
insert into Servicios (idtecnico, idcliente, idtipo, importe, duracion, fecha, diasgarantia, formapago) values (44, 17, 4, 4317, 341, '14/06/2019', 116, 'E');
insert into Servicios (idtecnico, idcliente, idtipo, importe, duracion, fecha, diasgarantia, formapago) values (11, 71, 3, 5992, 344, '27/04/2020', 132, 'C');
insert into Servicios (idtecnico, idcliente, idtipo, importe, duracion, fecha, diasgarantia, formapago) values (36, 26, 8, 11142, 98, '04/08/2019', 74, 'E');
insert into Servicios (idtecnico, idcliente, idtipo, importe, duracion, fecha, diasgarantia, formapago) values (9, 84, 5, 11539, 287, '11/12/2019', 52, 'C');
insert into Servicios (idtecnico, idcliente, idtipo, importe, duracion, fecha, diasgarantia, formapago) values (35, 23, 4, 2996, 317, '11/08/2020', 41, 'C');
insert into Servicios (idtecnico, idcliente, idtipo, importe, duracion, fecha, diasgarantia, formapago) values (30, 41, 10, 7735, 27, '28/11/2019', 30, 'T');
insert into Servicios (idtecnico, idcliente, idtipo, importe, duracion, fecha, diasgarantia, formapago) values (10, 57, 6, 8100, 241, '10/10/2019', 83, 'C');
insert into Servicios (idtecnico, idcliente, idtipo, importe, duracion, fecha, diasgarantia, formapago) values (43, 72, 4, 5821, 287, '02/06/2019', 138, 'E');
insert into Servicios (idtecnico, idcliente, idtipo, importe, duracion, fecha, diasgarantia, formapago) values (32, 47, 6, 4339, 59, '23/02/2020', 164, 'E');
insert into Servicios (idtecnico, idcliente, idtipo, importe, duracion, fecha, diasgarantia, formapago) values (36, 85, 10, 8168, 32, '20/06/2019', 169, 'T');
insert into Servicios (idtecnico, idcliente, idtipo, importe, duracion, fecha, diasgarantia, formapago) values (2, 53, 4, 2834, 146, '10/04/2020', 126, 'T');
insert into Servicios (idtecnico, idcliente, idtipo, importe, duracion, fecha, diasgarantia, formapago) values (22, 100, 4, 7785, 359, '17/09/2019', 42, 'T');
insert into Servicios (idtecnico, idcliente, idtipo, importe, duracion, fecha, diasgarantia, formapago) values (23, 89, 8, 9611, 31, '02/11/2020', 91, 'T');
insert into Servicios (idtecnico, idcliente, idtipo, importe, duracion, fecha, diasgarantia, formapago) values (35, 26, 3, 9625, 64, '31/08/2020', 91, 'C');
insert into Servicios (idtecnico, idcliente, idtipo, importe, duracion, fecha, diasgarantia, formapago) values (6, 92, 4, 6914, 84, '22/11/2020', 48, 'E');
insert into Servicios (idtecnico, idcliente, idtipo, importe, duracion, fecha, diasgarantia, formapago) values (39, 91, 5, 2938, 135, '08/08/2019', 120, 'T');
insert into Servicios (idtecnico, idcliente, idtipo, importe, duracion, fecha, diasgarantia, formapago) values (40, 8, 9, 4758, 223, '30/01/2019', 75, 'E');
insert into Servicios (idtecnico, idcliente, idtipo, importe, duracion, fecha, diasgarantia, formapago) values (42, 73, 4, 3293, 202, '16/05/2020', 83, 'E');
insert into Servicios (idtecnico, idcliente, idtipo, importe, duracion, fecha, diasgarantia, formapago) values (32, 41, 9, 3969, 56, '29/07/2020', 75, 'C');
insert into Servicios (idtecnico, idcliente, idtipo, importe, duracion, fecha, diasgarantia, formapago) values (28, 13, 1, 3627, 313, '30/10/2020', 65, 'E');
insert into Servicios (idtecnico, idcliente, idtipo, importe, duracion, fecha, diasgarantia, formapago) values (9, 33, 1, 2667, 296, '10/01/2020', 115, 'E');
insert into Servicios (idtecnico, idcliente, idtipo, importe, duracion, fecha, diasgarantia, formapago) values (46, 89, 10, 5796, 70, '09/10/2020', 59, 'T');
insert into Servicios (idtecnico, idcliente, idtipo, importe, duracion, fecha, diasgarantia, formapago) values (32, 28, 3, 6216, 334, '11/02/2020', 123, 'T');
insert into Servicios (idtecnico, idcliente, idtipo, importe, duracion, fecha, diasgarantia, formapago) values (5, 69, 1, 10356, 92, '28/07/2020', 109, 'C');
insert into Servicios (idtecnico, idcliente, idtipo, importe, duracion, fecha, diasgarantia, formapago) values (2, 71, 1, 5875, 244, '04/04/2020', 129, 'C');
insert into Servicios (idtecnico, idcliente, idtipo, importe, duracion, fecha, diasgarantia, formapago) values (48, 89, 10, 9436, 295, '16/02/2019', 105, 'C');
insert into Servicios (idtecnico, idcliente, idtipo, importe, duracion, fecha, diasgarantia, formapago) values (41, 32, 8, 9116, 321, '15/12/2019', 154, 'E');
insert into Servicios (idtecnico, idcliente, idtipo, importe, duracion, fecha, diasgarantia, formapago) values (47, 62, 3, 3549, 70, '18/05/2020', 80, 'T');
insert into Servicios (idtecnico, idcliente, idtipo, importe, duracion, fecha, diasgarantia, formapago) values (43, 1, 8, 9786, 231, '14/04/2020', 180, 'E');
insert into Servicios (idtecnico, idcliente, idtipo, importe, duracion, fecha, diasgarantia, formapago) values (13, 34, 8, 2621, 170, '25/04/2020', 51, 'T');
insert into Servicios (idtecnico, idcliente, idtipo, importe, duracion, fecha, diasgarantia, formapago) values (12, 58, 10, 11822, 127, '02/05/2020', 85, 'E');
insert into Servicios (idtecnico, idcliente, idtipo, importe, duracion, fecha, diasgarantia, formapago) values (40, 91, 5, 7405, 47, '24/03/2019', 161, 'C');
insert into Servicios (idtecnico, idcliente, idtipo, importe, duracion, fecha, diasgarantia, formapago) values (43, 73, 6, 9470, 210, '23/05/2019', 162, 'T');
insert into Servicios (idtecnico, idcliente, idtipo, importe, duracion, fecha, diasgarantia, formapago) values (29, 32, 2, 9532, 326, '03/01/2019', 156, 'E');
insert into Servicios (idtecnico, idcliente, idtipo, importe, duracion, fecha, diasgarantia, formapago) values (50, 52, 10, 6697, 248, '11/02/2019', 41, 'T');
insert into Servicios (idtecnico, idcliente, idtipo, importe, duracion, fecha, diasgarantia, formapago) values (35, 53, 3, 7566, 97, '13/10/2020', 94, 'C');
insert into Servicios (idtecnico, idcliente, idtipo, importe, duracion, fecha, diasgarantia, formapago) values (6, 85, 2, 5132, 42, '08/10/2020', 173, 'T');
insert into Servicios (idtecnico, idcliente, idtipo, importe, duracion, fecha, diasgarantia, formapago) values (47, 15, 1, 8018, 120, '14/03/2019', 87, 'T');
insert into Servicios (idtecnico, idcliente, idtipo, importe, duracion, fecha, diasgarantia, formapago) values (18, 90, 3, 8450, 73, '14/03/2019', 79, 'E');
insert into Servicios (idtecnico, idcliente, idtipo, importe, duracion, fecha, diasgarantia, formapago) values (30, 78, 1, 3615, 200, '21/03/2020', 109, 'T');
insert into Servicios (idtecnico, idcliente, idtipo, importe, duracion, fecha, diasgarantia, formapago) values (32, 46, 5, 10227, 301, '29/05/2019', 39, 'E');
insert into Servicios (idtecnico, idcliente, idtipo, importe, duracion, fecha, diasgarantia, formapago) values (26, 4, 2, 4152, 128, '19/10/2020', 81, 'E');
insert into Servicios (idtecnico, idcliente, idtipo, importe, duracion, fecha, diasgarantia, formapago) values (45, 22, 9, 9465, 352, '15/02/2019', 39, 'T');
insert into Servicios (idtecnico, idcliente, idtipo, importe, duracion, fecha, diasgarantia, formapago) values (30, 91, 3, 5878, 332, '26/01/2019', 108, 'C');
insert into Servicios (idtecnico, idcliente, idtipo, importe, duracion, fecha, diasgarantia, formapago) values (43, 41, 6, 5786, 68, '15/01/2019', 94, 'T');
insert into Servicios (idtecnico, idcliente, idtipo, importe, duracion, fecha, diasgarantia, formapago) values (20, 45, 4, 5695, 214, '07/07/2019', 32, 'C');
insert into Servicios (idtecnico, idcliente, idtipo, importe, duracion, fecha, diasgarantia, formapago) values (22, 85, 5, 8428, 256, '16/06/2019', 161, 'T');
insert into Servicios (idtecnico, idcliente, idtipo, importe, duracion, fecha, diasgarantia, formapago) values (47, 13, 3, 3061, 287, '01/04/2020', 39, 'C');
insert into Servicios (idtecnico, idcliente, idtipo, importe, duracion, fecha, diasgarantia, formapago) values (13, 96, 3, 11409, 47, '17/10/2019', 87, 'C');
insert into Servicios (idtecnico, idcliente, idtipo, importe, duracion, fecha, diasgarantia, formapago) values (12, 7, 7, 9713, 334, '18/06/2019', 74, 'T');
insert into Servicios (idtecnico, idcliente, idtipo, importe, duracion, fecha, diasgarantia, formapago) values (8, 66, 4, 9067, 29, '16/07/2020', 35, 'E');
insert into Servicios (idtecnico, idcliente, idtipo, importe, duracion, fecha, diasgarantia, formapago) values (20, 24, 4, 6216, 309, '29/06/2019', 113, 'B');
insert into Servicios (idtecnico, idcliente, idtipo, importe, duracion, fecha, diasgarantia, formapago) values (50, 69, 6, 11568, 176, '03/03/2020', 51, 'T');
insert into Servicios (idtecnico, idcliente, idtipo, importe, duracion, fecha, diasgarantia, formapago) values (26, 13, 7, 3340, 270, '23/02/2019', 77, 'C');
insert into Servicios (idtecnico, idcliente, idtipo, importe, duracion, fecha, diasgarantia, formapago) values (5, 76, 3, 7959, 57, '12/01/2020', 113, 'C');
insert into Servicios (idtecnico, idcliente, idtipo, importe, duracion, fecha, diasgarantia, formapago) values (19, 74, 8, 5325, 175, '22/02/2019', 152, 'T');
insert into Servicios (idtecnico, idcliente, idtipo, importe, duracion, fecha, diasgarantia, formapago) values (9, 95, 9, 10919, 257, '23/02/2019', 158, 'E');
insert into Servicios (idtecnico, idcliente, idtipo, importe, duracion, fecha, diasgarantia, formapago) values (28, 96, 10, 8212, 248, '24/06/2020', 65, 'T');
insert into Servicios (idtecnico, idcliente, idtipo, importe, duracion, fecha, diasgarantia, formapago) values (39, 35, 6, 4801, 228, '19/08/2019', 104, 'T');
insert into Servicios (idtecnico, idcliente, idtipo, importe, duracion, fecha, diasgarantia, formapago) values (3, 7, 10, 10424, 97, '30/05/2019', 94, 'C');
insert into Servicios (idtecnico, idcliente, idtipo, importe, duracion, fecha, diasgarantia, formapago) values (31, 4, 6, 3029, 330, '17/02/2020', 91, 'C');
insert into Servicios (idtecnico, idcliente, idtipo, importe, duracion, fecha, diasgarantia, formapago) values (13, 2, 9, 5701, 137, '26/07/2020', 64, 'T');
insert into Servicios (idtecnico, idcliente, idtipo, importe, duracion, fecha, diasgarantia, formapago) values (41, 64, 10, 6265, 154, '11/09/2019', 145, 'E');
insert into Servicios (idtecnico, idcliente, idtipo, importe, duracion, fecha, diasgarantia, formapago) values (21, 34, 10, 11340, 28, '06/01/2019', 32, 'C');
insert into Servicios (idtecnico, idcliente, idtipo, importe, duracion, fecha, diasgarantia, formapago) values (13, 14, 3, 5911, 122, '11/03/2019', 178, 'E');
insert into Servicios (idtecnico, idcliente, idtipo, importe, duracion, fecha, diasgarantia, formapago) values (48, 64, 1, 11305, 356, '19/02/2019', 61, 'C');
insert into Servicios (idtecnico, idcliente, idtipo, importe, duracion, fecha, diasgarantia, formapago) values (1, 83, 6, 9405, 262, '01/02/2020', 115, 'T');
insert into Servicios (idtecnico, idcliente, idtipo, importe, duracion, fecha, diasgarantia, formapago) values (22, 7, 6, 6382, 328, '02/06/2019', 170, 'C');
insert into Servicios (idtecnico, idcliente, idtipo, importe, duracion, fecha, diasgarantia, formapago) values (36, 45, 8, 9545, 229, '12/04/2020', 90, 'E');
insert into Servicios (idtecnico, idcliente, idtipo, importe, duracion, fecha, diasgarantia, formapago) values (17, 29, 1, 7259, 359, '30/06/2020', 127, 'T');
insert into Servicios (idtecnico, idcliente, idtipo, importe, duracion, fecha, diasgarantia, formapago) values (42, 4, 2, 4813, 329, '16/09/2020', 60, 'C');
insert into Servicios (idtecnico, idcliente, idtipo, importe, duracion, fecha, diasgarantia, formapago) values (31, 74, 3, 11309, 278, '15/08/2019', 113, 'T');
insert into Servicios (idtecnico, idcliente, idtipo, importe, duracion, fecha, diasgarantia, formapago) values (43, 18, 6, 5548, 359, '08/05/2019', 52, 'T');
insert into Servicios (idtecnico, idcliente, idtipo, importe, duracion, fecha, diasgarantia, formapago) values (40, 36, 7, 7185, 160, '22/11/2019', 48, 'C');
insert into Servicios (idtecnico, idcliente, idtipo, importe, duracion, fecha, diasgarantia, formapago) values (34, 29, 7, 7910, 269, '22/03/2019', 41, 'C');
insert into Servicios (idtecnico, idcliente, idtipo, importe, duracion, fecha, diasgarantia, formapago) values (28, 84, 8, 10968, 86, '06/10/2020', 164, 'T');
insert into Servicios (idtecnico, idcliente, idtipo, importe, duracion, fecha, diasgarantia, formapago) values (22, 12, 6, 3656, 303, '15/10/2019', 119, 'E');
insert into Servicios (idtecnico, idcliente, idtipo, importe, duracion, fecha, diasgarantia, formapago) values (3, 71, 5, 6768, 32, '26/12/2020', 138, 'E');
insert into Servicios (idtecnico, idcliente, idtipo, importe, duracion, fecha, diasgarantia, formapago) values (39, 62, 1, 8979, 233, '21/10/2019', 73, 'E');